Activity Date,Process Date,Settle Date,Instrument,Description,Trans Code,Quantity,Price,Amount,
5/26/26,5/26/26,5/27/26,SPY,SPY 5/26/2026 Call $749.00,STC,1,$1.49 ,$148.94 ,
5/26/26,5/26/26,5/27/26,SPY,SPY 5/26/2026 Call $749.00,STC,2,$1.52 ,$303.90 ,
5/26/26,5/26/26,5/27/26,SPY,SPY 5/26/2026 Call $749.00,STC,1,$1.26 ,$125.94 ,
5/26/26,5/26/26,5/27/26,SPY,SPY 5/26/2026 Call $749.00,STC,1,$1.05 ,$104.94 ,
5/26/26,5/26/26,5/27/26,SPY,SPY 5/26/2026 Call $749.00,STC,3,$0.92 ,$275.86 ,
5/26/26,5/26/26,5/27/26,SPY,SPY 5/26/2026 Call $749.00,BTO,3,$0.71 ,($213.12),
5/26/26,5/26/26,5/27/26,SPY,SPY 5/26/2026 Call $749.00,BTO,4,$0.74 ,($296.16),
5/26/26,5/26/26,5/27/26,SPY,SPY 5/26/2026 Call $749.00,BTO,1,$0.74 ,($74.04),
5/26/26,5/26/26,5/27/26,SPY,SPY 5/27/2026 Put $745.00,STC,4,$0.77 ,$307.82 ,
5/26/26,5/26/26,5/27/26,SPY,SPY 5/26/2026 Put $750.00,STC,2,$1.00 ,$199.90 ,
5/26/26,5/26/26,5/27/26,SPY,SPY 5/26/2026 Put $750.00,BTO,1,$1.19 ,($119.04),
5/26/26,5/26/26,5/27/26,SPY,SPY 5/26/2026 Put $750.00,BTO,1,$1.19 ,($119.04),
5/26/26,5/26/26,5/27/26,APLD,APLD 5/29/2026 Call $50.00,STC,3,$0.45 ,$134.86 ,
5/26/26,5/26/26,5/27/26,SPY,SPY 5/27/2026 Put $745.00,BTO,1,$0.80 ,($80.04),
5/26/26,5/26/26,5/27/26,SPY,SPY 5/27/2026 Put $745.00,BTO,1,$0.80 ,($80.04),
5/26/26,5/26/26,5/27/26,SPY,SPY 5/27/2026 Put $745.00,BTO,2,$0.80 ,($160.08),
5/26/26,5/26/26,5/27/26,SPY,SPY 5/26/2026 Call $749.00,STC,2,$0.79 ,$157.90 ,
5/26/26,5/26/26,5/27/26,SPY,SPY 5/26/2026 Call $749.00,STC,3,$0.69 ,$206.86 ,
5/26/26,5/26/26,5/27/26,SPY,SPY 5/26/2026 Call $749.00,BTO,2,$0.80 ,($160.08),
5/26/26,5/26/26,5/27/26,SPY,SPY 5/26/2026 Call $749.00,BTO,1,$1.01 ,($101.04),
5/26/26,5/26/26,5/27/26,SPY,SPY 5/26/2026 Call $749.00,BTO,1,$1.16 ,($116.04),
5/26/26,5/26/26,5/27/26,SPY,SPY 5/26/2026 Call $749.00,BTO,1,$1.07 ,($107.04),
5/26/26,5/26/26,5/27/26,IONQ,"IonQ
CUSIP: 46222L108
Recurring",Buy,0.078382,$63.79 ,($5.00),
5/26/26,5/26/26,5/27/26,AMZN,AMZN 5/29/2026 Call $270.00,STC,2,$1.02 ,$203.90 ,
5/26/26,5/26/26,5/27/26,AMZN,AMZN 5/29/2026 Call $270.00,BTO,1,$1.17 ,($117.04),
5/26/26,5/26/26,5/27/26,AMZN,AMZN 5/29/2026 Call $270.00,BTO,1,$1.17 ,($117.04),
5/26/26,5/26/26,5/27/26,APLD,APLD 5/29/2026 Call $50.00,BTO,1,$1.17 ,($117.04),
5/26/26,5/26/26,5/27/26,ONDS,ONDS 5/29/2026 Call $9.00,STC,1,$1.05 ,$104.94 ,
5/26/26,5/26/26,5/27/26,ONDS,ONDS 5/29/2026 Call $9.00,BTO,1,$1.08 ,($108.04),
5/26/26,5/26/26,5/27/26,AMZN,AMZN 5/27/2026 Call $267.50,STC,5,$1.54 ,$769.76 ,
5/26/26,5/26/26,5/27/26,AMZN,AMZN 5/27/2026 Call $267.50,BTO,2,$1.90 ,($380.08),
5/26/26,5/26/26,5/27/26,AMZN,AMZN 5/27/2026 Call $267.50,STC,3,$1.80 ,$539.85 ,
5/26/26,5/26/26,5/27/26,AMZN,AMZN 5/27/2026 Call $267.50,BTO,1,$1.99 ,($199.04),
5/26/26,5/26/26,5/27/26,AMZN,AMZN 5/27/2026 Call $267.50,BTO,2,$2.10 ,($420.08),
5/26/26,5/26/26,5/27/26,AMZN,AMZN 5/27/2026 Call $267.50,BTO,1,$2.30 ,($230.04),
5/26/26,5/26/26,5/27/26,AMZN,AMZN 5/27/2026 Call $267.50,BTO,2,$2.80 ,($560.08),
5/26/26,5/26/26,5/27/26,AVAV,"AeroVironment
CUSIP: 008073108",Buy,1.394077,$179.33 ,($250.00),
5/26/26,5/26/26,5/27/26,APLD,APLD 5/29/2026 Call $50.00,BTO,1,$0.99 ,($99.04),
5/26/26,5/26/26,5/27/26,APLD,APLD 5/29/2026 Call $50.00,BTO,1,$1.00 ,($100.04),
5/22/26,5/22/26,5/26/26,IONQ,"IonQ
CUSIP: 46222L108
Recurring",Buy,0.077364,$64.63 ,($5.00),
5/22/26,5/22/26,5/26/26,RKLB,"Rocket Lab Corporation
CUSIP: 773121108",Sell,0.546567,$137.22 ,$75.00 ,
5/22/26,5/22/26,5/26/26,IONQ,IONQ 6/5/2026 Call $60.00,STC,1,$7.05 ,$704.93 ,
5/22/26,5/22/26,5/26/26,APLD,APLD 5/29/2026 Call $55.00,STC,1,$0.32 ,$31.94 ,
5/22/26,5/22/26,5/26/26,TSLA,TSLA 5/26/2026 Call $425.00,STC,1,$7.10 ,$709.93 ,
5/22/26,5/22/26,5/26/26,TSLA,TSLA 5/26/2026 Call $425.00,STC,1,$6.80 ,$679.93 ,
5/22/26,5/22/26,5/26/26,TSLA,TSLA 5/26/2026 Call $425.00,BTO,1,$5.75 ,($575.04),
5/22/26,5/22/26,5/26/26,IONQ,IONQ 6/5/2026 Call $60.00,STC,1,$7.00 ,$699.93 ,
5/22/26,5/22/26,5/26/26,TSLA,TSLA 5/26/2026 Call $425.00,BTO,1,$5.28 ,($528.04),
5/22/26,5/22/26,5/26/26,IONQ,IONQ 6/5/2026 Call $60.00,BTO,1,$6.80 ,($680.04),
5/22/26,5/22/26,5/26/26,IONQ,IONQ 6/5/2026 Call $60.00,STC,1,$6.60 ,$659.93 ,
5/22/26,5/22/26,5/26/26,APLD,APLD 5/29/2026 Call $55.00,STC,4,$0.41 ,$163.82 ,
5/22/26,5/22/26,5/26/26,IONQ,IONQ 5/29/2026 Call $55.00,STC,1,$8.50 ,$849.93 ,
5/21/26,5/21/26,5/22/26,APLD,APLD 5/22/2026 Call $46.00,STC,2,$2.40 ,$479.90 ,
5/21/26,5/21/26,5/22/26,IONQ,"IonQ
CUSIP: 46222L108
Recurring",Buy,0.084983,$58.84 ,($5.00),
5/21/26,5/21/26,5/22/26,IONQ,IONQ 5/29/2026 Call $50.00,STC,1,$10.15 ,"$1,014.92 ",
5/21/26,5/21/26,5/22/26,APLD,APLD 5/29/2026 Call $55.00,BTO,5,$0.63 ,($315.20),
5/21/26,5/21/26,5/22/26,IONQ,IONQ 5/29/2026 Call $55.00,STC,1,$4.30 ,$429.94 ,
5/21/26,5/21/26,5/22/26,IONQ,IONQ 6/5/2026 Call $60.00,BTO,2,$2.95 ,($590.08),
5/21/26,5/21/26,5/22/26,APLD,APLD 5/22/2026 Call $46.00,STC,1,$0.59 ,$58.94 ,
5/20/26,5/20/26,5/21/26,IONQ,IONQ 5/22/2026 Call $50.00,STC,1,$3.20 ,$319.94 ,
5/20/26,5/20/26,5/21/26,IONQ,"IonQ
CUSIP: 46222L108
Recurring",Buy,0.096209,$51.97 ,($5.00),
5/20/26,5/20/26,5/21/26,IONQ,IONQ 5/29/2026 Call $55.00,BTO,1,$1.71 ,($171.04),
5/20/26,5/20/26,5/21/26,IONQ,IONQ 5/22/2026 Call $50.00,STC,1,$3.30 ,$329.94 ,
5/20/26,5/20/26,5/21/26,IONQ,IONQ 5/29/2026 Call $55.00,STC,1,$1.50 ,$149.94 ,
5/20/26,5/20/26,5/21/26,IONQ,IONQ 5/29/2026 Call $50.00,BTO,1,$3.40 ,($340.04),
5/20/26,5/20/26,5/21/26,IONQ,IONQ 5/22/2026 Call $50.00,BTO,1,$2.05 ,($205.04),
5/20/26,5/20/26,5/21/26,IONQ,IONQ 5/22/2026 Call $50.00,BTO,1,$1.85 ,($185.04),
5/20/26,5/20/26,5/21/26,IONQ,IONQ 5/29/2026 Call $55.00,BTO,2,$1.08 ,($216.08),
5/19/26,5/19/26,5/20/26,IONQ,"IonQ
CUSIP: 46222L108",Buy,2.139495,$46.74 ,($100.00),
5/19/26,5/19/26,5/20/26,RKLB,"Rocket Lab Corporation
CUSIP: 773121108",Sell,0.29399,$119.01 ,$34.99 ,
5/18/26,5/18/26,5/19/26,SPY,SPY 5/19/2026 Put $736.00,STC,1,$2.83 ,$282.94 ,
5/18/26,5/18/26,5/19/26,SPY,SPY 5/19/2026 Put $736.00,STC,1,$2.95 ,$294.94 ,
5/18/26,5/18/26,5/19/26,SPY,SPY 5/19/2026 Put $736.00,BTO,2,$2.09 ,($418.08),
5/18/26,5/18/26,5/19/26,RKLB,"Rocket Lab Corporation
CUSIP: 773121108",Sell,0.37453,$133.44 ,$49.98 ,
5/15/26,5/15/26,5/18/26,OWL,Option Expiration for OWL 5/15/2026 Call $10.00,OEXP,1S,,,
5/15/26,5/15/26,5/18/26,METU,Option Expiration for METU 5/15/2026 Call $33.00,OEXP,2S,,,
5/15/26,5/15/26,5/18/26,LLYX,LLYX 6/18/2026 Call $20.00,STC,1,$1.45 ,$144.94 ,
5/15/26,5/15/26,5/18/26,ASTS,ASTS 5/22/2026 Call $79.00,STC,1,$8.00 ,$799.93 ,
5/15/26,5/15/26,5/18/26,ASTS,ASTS 5/15/2026 Call $78.00,STC,1,$4.50 ,$449.94 ,
5/15/26,5/15/26,5/18/26,ASTS,ASTS 5/15/2026 Call $80.00,STC,1,$2.10 ,$209.94 ,
5/15/26,5/15/26,5/18/26,LLYX,LLYX 6/18/2026 Call $20.00,BTO,1,$1.55 ,($155.04),
5/15/26,5/15/26,5/18/26,ASTS,ASTS 5/15/2026 Call $78.00,STC,1,$3.44 ,$343.94 ,
5/15/26,5/15/26,5/18/26,ASTS,ASTS 5/15/2026 Call $80.00,STC,1,$0.85 ,$84.94 ,
5/15/26,5/15/26,5/18/26,ASTS,ASTS 5/15/2026 Call $80.00,STC,2,$1.43 ,$285.90 ,
5/15/26,5/15/26,5/18/26,ASTS,ASTS 5/15/2026 Call $80.00,STC,1,$1.32 ,$131.94 ,
5/15/26,5/15/26,5/18/26,ASTS,ASTS 5/15/2026 Call $80.00,STC,2,$1.00 ,$199.90 ,
5/15/26,5/15/26,5/18/26,ASTS,ASTS 5/15/2026 Call $78.00,BTO,2,$2.20 ,($440.08),
5/15/26,5/15/26,5/18/26,ASTS,ASTS 5/15/2026 Call $80.00,BTO,7,$0.80 ,($560.28),
5/15/26,5/15/26,5/18/26,ASTS,ASTS 5/22/2026 Call $79.00,BTO,1,$4.85 ,($485.04),
5/15/26,5/15/26,5/18/26,ASTS,ASTS 5/15/2026 Call $78.00,STC,1,$1.25 ,$124.94 ,
5/15/26,5/15/26,5/18/26,ASTS,ASTS 5/15/2026 Call $78.00,BTO,1,$1.30 ,($130.04),
5/15/26,5/15/26,5/18/26,IREN,IREN 5/22/2026 Call $54.00,STC,1,$3.00 ,$299.94 ,
5/15/26,5/15/26,5/18/26,IREN,IREN 5/22/2026 Call $54.00,BTO,1,$3.80 ,($380.04),
5/15/26,5/15/26,5/18/26,IONQ,IONQ 5/22/2026 Call $56.00,STC,1,$1.40 ,$139.94 ,
5/15/26,5/15/26,5/18/26,APLD,APLD 5/22/2026 Call $46.00,BTO,2,$1.70 ,($340.08),
5/14/26,5/14/26,5/15/26,APLD,APLD 5/22/2026 Call $46.00,BTO,1,$3.55 ,($355.04),
5/14/26,5/14/26,5/15/26,IONQ,IONQ 5/22/2026 Call $56.00,BTO,1,$4.65 ,($465.04),
5/14/26,5/14/26,5/15/26,GLD,GLD 5/15/2026 Call $435.00,STC,1,$0.45 ,$44.94 ,
5/14/26,5/14/26,5/15/26,COPX,COPX 5/22/2026 Call $90.00,STC,1,$3.00 ,$299.94 ,
5/13/26,5/13/26,5/14/26,LLY,"LLY 5/15/2026 Call $1,000.00",STC,1,$18.85 ,"$1,884.91 ",
5/13/26,5/13/26,5/14/26,GLD,GLD 5/15/2026 Call $436.00,STC,1,$1.15 ,$114.94 ,
5/12/26,5/12/26,5/13/26,GLD,GLD 5/15/2026 Call $435.00,BTO,1,$3.00 ,($300.04),
5/12/26,5/12/26,5/13/26,GLD,GLD 5/15/2026 Call $436.00,BTO,1,$2.62 ,($262.04),
5/12/26,5/12/26,5/13/26,LLY,"LLY 5/15/2026 Call $1,000.00",STC,1,$8.50 ,$849.93 ,
5/12/26,5/12/26,5/13/26,COPX,COPX 5/22/2026 Call $90.00,BTO,1,$3.20 ,($320.04),
5/12/26,5/12/26,5/13/26,LLY,"LLY 5/15/2026 Call $1,000.00",BTO,1,$10.80 ,"($1,080.04)",
5/12/26,5/12/26,5/13/26,GLD,GLD 5/15/2026 Call $440.00,STC,2,$0.73 ,$145.90 ,
5/12/26,5/12/26,5/13/26,LLY,"LLY 5/15/2026 Call $1,000.00",BTO,1,$12.00 ,"($1,200.04)",
5/12/26,5/12/26,5/13/26,COIN,"Coinbase
CUSIP: 19260Q107",Sell,0.116948,$213.77 ,$25.00 ,
5/11/26,5/11/26,5/12/26,NVDA,Option Expiration for NVDA 5/11/2026 Call $225.00,OEXP,1S,,,
5/11/26,5/11/26,5/12/26,GLD,GLD 5/15/2026 Call $440.00,BTO,1,$2.54 ,($254.04),
5/11/26,5/11/26,5/12/26,RKLB,"Rocket Lab Corporation
CUSIP: 773121108",Sell,0.41524,$120.41 ,$50.00 ,
5/11/26,5/11/26,5/12/26,GLD,GLD 5/15/2026 Call $440.00,BTO,1,$2.45 ,($245.04),
5/11/26,5/11/26,5/12/26,TSLA,TSLA 5/11/2026 Call $422.50,STC,1,$3.00 ,$299.94 ,
5/11/26,5/11/26,5/12/26,TSLA,TSLA 5/11/2026 Call $422.50,STC,1,$3.00 ,$299.94 ,
5/11/26,5/11/26,5/12/26,TSLA,TSLA 5/11/2026 Call $422.50,BTO,1,$3.03 ,($303.04),
5/11/26,5/11/26,5/12/26,TSLA,TSLA 5/11/2026 Call $422.50,BTO,1,$3.03 ,($303.04),
5/11/26,5/11/26,5/12/26,NVDA,NVDA 5/11/2026 Call $225.00,STC,2,$0.22 ,$43.90 ,
5/11/26,5/11/26,5/12/26,NVDA,NVDA 5/11/2026 Call $225.00,BTO,3,$0.23 ,($69.12),
5/8/26,5/8/26,5/11/26,OWL,Option Expiration for OWL 5/8/2026 Call $11.00,OEXP,3S,,,
5/8/26,5/8/26,5/11/26,SPY,SPY 5/11/2026 Put $733.00,STC,1,$1.20 ,$119.94 ,
5/8/26,5/8/26,5/11/26,SPY,SPY 5/11/2026 Put $733.00,BTO,1,$1.31 ,($131.04),
5/8/26,5/8/26,5/11/26,IONQ,IONQ 5/8/2026 Call $49.00,STC,2,$0.17 ,$33.90 ,
5/8/26,5/8/26,5/11/26,GLD,GLD 5/11/2026 Call $440.00,STC,1,$0.92 ,$91.94 ,
5/8/26,5/8/26,5/11/26,IONQ,IONQ 5/8/2026 Call $49.00,BTO,1,$0.55 ,($55.04),
5/8/26,5/8/26,5/11/26,IONQ,IONQ 5/8/2026 Call $49.00,BTO,1,$0.55 ,($55.04),
5/8/26,5/8/26,5/11/26,RKLB,RKLB 5/8/2026 Call $96.00,STC,1,$2.60 ,$259.94 ,
5/8/26,5/8/26,5/11/26,RKLB,RKLB 5/8/2026 Call $96.00,STC,2,$1.45 ,$289.90 ,
5/8/26,5/8/26,5/11/26,RKLB,RKLB 5/8/2026 Call $96.00,BTO,2,$0.86 ,($172.08),
5/8/26,5/8/26,5/11/26,RKLB,RKLB 5/8/2026 Call $96.00,STC,1,$0.99 ,$98.94 ,
5/8/26,5/8/26,5/11/26,RKLB,RKLB 5/8/2026 Call $96.00,BTO,1,$0.50 ,($50.04),
5/8/26,5/8/26,5/11/26,RKLB,RKLB 5/8/2026 Call $96.00,BTO,1,$0.74 ,($74.04),
5/8/26,5/8/26,5/11/26,RKLB,RKLB 5/15/2026 Call $90.00,STC,1,$6.50 ,$649.93 ,
5/8/26,5/8/26,5/11/26,GLD,GLD 5/11/2026 Call $440.00,BTO,1,$1.20 ,($120.04),
5/8/26,5/8/26,5/11/26,RKLB,RKLB 5/15/2026 Call $90.00,BTO,1,$3.95 ,($395.04),
5/7/26,5/7/26,5/8/26,GLD,GLD 5/11/2026 Call $440.00,STC,1,$1.48 ,$147.94 ,
5/7/26,5/7/26,5/8/26,SPY,SPY 5/7/2026 Put $734.00,STC,1,$1.65 ,$164.94 ,
5/7/26,5/7/26,5/8/26,GLD,GLD 5/11/2026 Call $440.00,STC,1,$1.65 ,$164.94 ,
5/7/26,5/7/26,5/8/26,SPY,SPY 5/7/2026 Put $734.00,BTO,1,$1.20 ,($120.04),
5/7/26,5/7/26,5/8/26,GLD,GLD 5/11/2026 Call $440.00,STC,1,$2.60 ,$259.94 ,
5/6/26,5/6/26,5/6/26,TLH,Cash Div: R/D 2026-05-01 P/D 2026-05-06 - 0.3519 shares at 0.35933,CDIV,,,$0.13 ,
5/6/26,5/6/26,5/7/26,GLD,GLD 5/11/2026 Call $440.00,BTO,3,$1.71 ,($513.12),
5/6/26,5/6/26,5/7/26,GLD,GLD 5/11/2026 Call $430.00,STC,1,$5.50 ,$549.93 ,
5/5/26,5/5/26,5/5/26,BND,Cash Div: R/D 2026-05-01 P/D 2026-05-05 - 1.5 shares at 0.241713,CDIV,,,$0.36 ,
5/5/26,5/5/26,5/6/26,OWL,OWL 5/15/2026 Call $10.00,STC,2,$0.70 ,$139.90 ,
5/4/26,5/4/26,5/5/26,GLW,GLW 5/15/2026 Call $165.00,STC,1,$6.15 ,$614.93 ,
5/4/26,5/4/26,5/5/26,OWL,OWL 5/15/2026 Call $10.00,STC,1,$0.45 ,$44.94 ,
5/1/26,5/1/26,5/4/26,XLV,Option Expiration for XLV 5/1/2026 Call $156.00,OEXP,1S,,,
5/1/26,5/1/26,5/4/26,GLD,GLD 5/6/2026 Call $430.00,STC,2,$1.49 ,$297.90 ,
5/1/26,5/1/26,5/4/26,GLD,GLD 5/11/2026 Call $430.00,BTO,1,$3.26 ,($326.04),
5/1/26,5/1/26,5/4/26,ONDS,ONDS 5/15/2026 Call $12.00,STC,2,$0.32 ,$63.90 ,
5/1/26,5/1/26,5/4/26,GLD,GLD 5/6/2026 Call $430.00,STC,3,$1.51 ,$452.86 ,
5/1/26,5/1/26,5/4/26,GLD,GLD 5/6/2026 Call $430.00,BTO,1,$1.65 ,($165.04),
5/1/26,5/1/26,5/4/26,GLD,GLD 5/1/2026 Put $426.00,STC,1,$0.85 ,$84.94 ,
5/1/26,5/1/26,5/4/26,GLD,GLD 5/1/2026 Put $426.00,STC,1,$1.15 ,$114.94 ,
5/1/26,5/1/26,5/4/26,GLD,GLD 5/1/2026 Put $426.00,BTO,2,$0.68 ,($136.08),
5/1/26,5/1/26,5/4/26,GLD,GLD 5/6/2026 Call $430.00,BTO,1,$2.45 ,($245.04),
5/1/26,5/1/26,5/4/26,GLD,GLD 5/6/2026 Call $430.00,BTO,1,$2.15 ,($215.04),
,,,,,,,,,
,,,,,,,,,
4/30/26,4/30/26,5/1/26,GLW,GLW 5/8/2026 Call $180.00,STC,1,$2.00 ,$199.94 ,
4/30/26,4/30/26,5/1/26,GLW,GLW 5/1/2026 Call $160.00,STC,1,$2.25 ,$224.94 ,
4/30/26,4/30/26,5/1/26,OWL,OWL 5/8/2026 Call $11.00,BTO,3,$0.11 ,($33.12),
4/30/26,4/30/26,5/1/26,OWL,OWL 5/15/2026 Call $10.00,STC,4,$0.45 ,$179.82 ,
4/30/26,4/30/26,5/1/26,GLW,GLW 5/1/2026 Call $165.00,STC,1,$0.30 ,$29.94 ,
4/30/26,4/30/26,5/1/26,GLD,GLD 5/6/2026 Call $430.00,STC,1,$3.05 ,$304.94 ,
,,,,,,,,,
4/29/26,4/29/26,4/30/26,GLD,Option Expiration for GLD 4/29/2026 Call $440.00,OEXP,1S,,,
4/29/26,4/29/26,4/30/26,GLD,GLD 5/6/2026 Call $430.00,BTO,1,$1.38 ,($138.04),
4/29/26,4/29/26,4/30/26,GLW,GLW 5/1/2026 Call $160.00,BTO,1,$1.15 ,($115.04),
4/29/26,4/29/26,4/30/26,GLD,GLD 5/6/2026 Call $430.00,STC,1,$1.33 ,$132.94 ,
4/29/26,4/29/26,4/30/26,GLW,GLW 5/1/2026 Call $165.00,BTO,1,$0.47 ,($47.04),
4/29/26,4/29/26,4/30/26,METU,METU 5/15/2026 Call $33.00,BTO,1,$1.85 ,($185.04),
4/29/26,4/29/26,4/30/26,,ACH Deposit,ACH,,,$500.00 ,
4/29/26,4/29/26,4/30/26,VST,VST 5/15/2026 Call $175.00,STC,1,$2.33 ,$232.94 ,
4/29/26,4/29/26,4/30/26,VST,VST 5/15/2026 Call $175.00,STC,1,$2.33 ,$232.94 ,
4/29/26,4/29/26,4/30/26,GLD,GLD 5/6/2026 Call $430.00,BTO,1,$1.38 ,($138.04),
4/29/26,4/29/26,4/30/26,VST,VST 5/15/2026 Call $175.00,BTO,1,$3.00 ,($300.04),
4/29/26,4/29/26,4/30/26,ONDS,ONDS 5/15/2026 Call $12.00,BTO,2,$0.23 ,($46.08),
4/29/26,4/29/26,4/30/26,GLW,GLW 5/15/2026 Call $165.00,BTO,1,$4.70 ,($470.04),
4/29/26,4/29/26,4/30/26,VST,VST 5/15/2026 Call $175.00,BTO,1,$3.50 ,($350.04),
4/29/26,4/29/26,4/30/26,GLD,GLD 5/6/2026 Call $430.00,BTO,1,$1.26 ,($126.04),
4/29/26,4/29/26,4/30/26,GLW,GLW 5/8/2026 Call $180.00,BTO,1,$0.89 ,($89.04),
4/29/26,4/29/26,4/30/26,SPY,SPY 4/29/2026 Put $711.00,STC,1,$2.24 ,$223.94 ,
4/29/26,4/29/26,4/30/26,GLD,GLD 5/6/2026 Call $430.00,BTO,1,$1.16 ,($116.04),
4/29/26,4/29/26,4/30/26,SPY,SPY 4/29/2026 Put $711.00,BTO,1,$2.68 ,($268.04),
4/29/26,4/29/26,4/30/26,OXY,OXY 5/1/2026 Call $60.00,STC,1,$0.61 ,$60.94 ,
4/28/26,4/28/26,4/29/26,OXY,OXY 5/1/2026 Call $60.00,BTO,1,$0.48 ,($48.04),
,,,,,,,,,
4/28/26,4/28/26,4/29/26,METU,METU 5/15/2026 Call $33.00,BTO,1,$1.70 ,($170.04),
4/28/26,4/28/26,4/29/26,OWL,OWL 5/15/2026 Call $10.00,BTO,1,$0.19 ,($19.04),
4/28/26,4/28/26,4/29/26,OWL,OWL 5/15/2026 Call $10.00,BTO,1,$0.18 ,($18.04),
4/28/26,4/28/26,4/29/26,OWL,OWL 5/15/2026 Call $10.00,BTO,1,$0.18 ,($18.04),
4/28/26,4/28/26,4/29/26,OWL,OWL 5/15/2026 Call $10.00,BTO,5,$0.15 ,($75.20),
4/28/26,4/28/26,4/29/26,IWM,IWM 4/28/2026 Put $274.00,STC,1,$0.69 ,$68.94 ,
4/28/26,4/28/26,4/29/26,SPY,SPY 4/28/2026 Put $712.00,STC,1,$2.03 ,$202.94 ,
4/28/26,4/28/26,4/29/26,SPY,SPY 4/28/2026 Put $712.00,BTO,1,$2.30 ,($230.04),
4/28/26,4/28/26,4/29/26,IWM,IWM 4/28/2026 Put $274.00,STC,1,$0.78 ,$77.94 ,
4/28/26,4/28/26,4/29/26,IWM,IWM 4/28/2026 Put $274.00,BTO,2,$0.90 ,($180.08),
4/28/26,4/28/26,4/29/26,SPY,SPY 4/28/2026 Call $712.00,STC,2,$0.65 ,$129.90 ,
4/28/26,4/28/26,4/29/26,SPY,SPY 4/28/2026 Call $712.00,STC,2,$0.67 ,$133.90 ,
4/28/26,4/28/26,4/29/26,SPY,SPY 4/28/2026 Call $712.00,BTO,2,$0.67 ,($134.08),
4/28/26,4/28/26,4/29/26,SPY,SPY 4/28/2026 Put $710.00,STC,1,$1.09 ,$108.94 ,
4/28/26,4/28/26,4/29/26,SPY,SPY 4/28/2026 Call $712.00,BTO,2,$0.54 ,($108.08),
4/28/26,4/28/26,4/29/26,SPY,SPY 4/28/2026 Put $710.00,STC,1,$1.29 ,$128.94 ,
4/28/26,4/28/26,4/29/26,SPY,SPY 4/28/2026 Put $710.00,BTO,1,$1.33 ,($133.04),
4/28/26,4/28/26,4/29/26,SPY,SPY 4/28/2026 Put $710.00,BTO,1,$1.49 ,($149.04),
4/28/26,4/28/26,4/29/26,IWM,IWM 4/28/2026 Put $274.00,STC,1,$1.25 ,$124.94 ,
4/28/26,4/28/26,4/29/26,IWM,IWM 4/28/2026 Put $274.00,STC,1,$1.06 ,$105.94 ,
4/28/26,4/28/26,4/29/26,IWM,IWM 4/28/2026 Put $274.00,STC,1,$0.84 ,$83.94 ,
4/28/26,4/28/26,4/29/26,IWM,IWM 4/28/2026 Put $274.00,STC,2,$0.65 ,$129.90 ,
4/28/26,4/28/26,4/29/26,IWM,IWM 4/28/2026 Put $274.00,STC,1,$0.75 ,$74.94 ,
4/28/26,4/28/26,4/29/26,IWM,IWM 4/28/2026 Put $274.00,STC,1,$0.75 ,$74.94 ,
4/28/26,4/28/26,4/29/26,IWM,IWM 4/28/2026 Put $274.00,BTO,3,$0.58 ,($174.12),
4/28/26,4/28/26,4/29/26,IWM,IWM 4/28/2026 Put $274.00,STC,2,$0.64 ,$127.90 ,
4/28/26,4/28/26,4/29/26,SPY,SPY 4/28/2026 Put $713.00,STC,1,$1.78 ,$177.94 ,
4/28/26,4/28/26,4/29/26,IWM,IWM 4/28/2026 Put $274.00,BTO,2,$0.49 ,($98.08),
4/28/26,4/28/26,4/29/26,IWM,IWM 4/28/2026 Put $274.00,BTO,4,$0.41 ,($164.16),
4/28/26,4/28/26,4/29/26,SPY,SPY 4/28/2026 Put $713.00,BTO,1,$2.61 ,($261.04),
,,,,,,,,,
,,,,,,,,,
4/27/26,4/27/26,4/28/26,NBIS,NBIS 5/1/2026 Call $150.00,STC,1,$5.15 ,$514.93 ,
4/27/26,4/27/26,4/28/26,NBIS,NBIS 5/1/2026 Call $150.00,BTO,1,$5.45 ,($545.04),
4/27/26,4/27/26,4/28/26,NBIS,NBIS 5/1/2026 Call $150.00,STC,1,$5.20 ,$519.93 ,
4/27/26,4/27/26,4/28/26,NBIS,NBIS 5/1/2026 Call $150.00,BTO,1,$5.45 ,($545.04),
4/27/26,4/27/26,4/28/26,TSLA,TSLA 4/29/2026 Call $390.00,STC,1,$2.01 ,$200.94 ,
4/27/26,4/27/26,4/28/26,TSLA,TSLA 4/29/2026 Call $390.00,STC,1,$2.14 ,$213.94 ,
4/27/26,4/27/26,4/28/26,TSLA,TSLA 4/29/2026 Call $390.00,BTO,1,$2.00 ,($200.04),
4/27/26,4/27/26,4/28/26,TSLA,TSLA 4/29/2026 Call $390.00,BTO,1,$1.94 ,($194.04),
4/27/26,4/27/26,4/28/26,TSLA,TSLA 4/29/2026 Call $390.00,STC,1,$2.21 ,$220.94 ,
4/27/26,4/27/26,4/28/26,TSLA,TSLA 4/29/2026 Call $390.00,BTO,1,$2.36 ,($236.04),
4/27/26,4/27/26,4/28/26,ASTS,ASTS 5/8/2026 Call $100.00,STC,2,$0.50 ,$99.90 ,
4/24/26,4/24/26,4/27/26,TSLL,Option Expiration for TSLL 4/24/2026 Call $12.50,OEXP,8S,,,
4/24/26,4/24/26,4/27/26,GLD,GLD 4/29/2026 Call $440.00,BTO,1,$1.52 ,($152.04),
4/24/26,4/24/26,4/27/26,SPY,SPY 4/27/2026 Put $713.00,STC,1,$2.60 ,$259.94 ,
4/24/26,4/24/26,4/27/26,SPY,SPY 4/27/2026 Put $713.00,BTO,1,$2.79 ,($279.04),
4/24/26,4/24/26,4/27/26,SPY,SPY 4/27/2026 Put $714.00,STC,1,$3.07 ,$306.94 ,
4/24/26,4/24/26,4/27/26,SPY,SPY 4/24/2026 Put $715.00,STC,1,$1.30 ,$129.94 ,
4/24/26,4/24/26,4/27/26,SPY,SPY 4/24/2026 Put $715.00,BTO,1,$1.47 ,($147.04),
4/24/26,4/24/26,4/27/26,SPY,SPY 4/27/2026 Put $714.00,BTO,1,$2.86 ,($286.04),
4/24/26,4/24/26,4/27/26,SPY,SPY 4/24/2026 Put $714.00,STC,1,$0.91 ,$90.94 ,
4/24/26,4/24/26,4/27/26,SPY,SPY 4/24/2026 Put $714.00,BTO,1,$1.10 ,($110.04),
4/24/26,4/24/26,4/27/26,SPY,SPY 4/24/2026 Put $714.00,STC,2,$0.95 ,$189.90 ,
4/24/26,4/24/26,4/27/26,SPY,SPY 4/24/2026 Put $714.00,STC,1,$0.70 ,$69.94 ,
4/24/26,4/24/26,4/27/26,SPY,SPY 4/24/2026 Put $714.00,BTO,1,$0.85 ,($85.04),
4/24/26,4/24/26,4/27/26,SPY,SPY 4/24/2026 Put $714.00,BTO,1,$0.98 ,($98.04),
4/24/26,4/24/26,4/27/26,SPY,SPY 4/24/2026 Put $714.00,BTO,1,$1.07 ,($107.04),
4/24/26,4/24/26,4/27/26,SPY,SPY 4/24/2026 Put $714.00,STC,1,$1.20 ,$119.94 ,
4/24/26,4/24/26,4/27/26,SPY,SPY 4/24/2026 Put $714.00,BTO,1,$1.27 ,($127.04),
4/24/26,4/24/26,4/27/26,SPY,SPY 4/24/2026 Put $714.00,STC,1,$1.51 ,$150.94 ,
4/24/26,4/24/26,4/27/26,SPY,SPY 4/24/2026 Put $714.00,BTO,1,$1.18 ,($118.04),
4/24/26,4/24/26,4/27/26,NVDA,NVDA 4/27/2026 Call $207.50,STC,2,$1.22 ,$243.90 ,
4/24/26,4/24/26,4/27/26,NVDA,NVDA 4/27/2026 Call $207.50,STC,2,$1.08 ,$215.90 ,
4/24/26,4/24/26,4/27/26,NVDA,NVDA 4/27/2026 Call $207.50,STC,2,$0.82 ,$163.90 ,
4/24/26,4/24/26,4/27/26,NVDA,NVDA 4/27/2026 Call $207.50,BTO,2,$0.51 ,($102.08),
4/24/26,4/24/26,4/27/26,NVDA,NVDA 4/27/2026 Call $207.50,BTO,1,$0.37 ,($37.04),
4/24/26,4/24/26,4/27/26,TSLL,TSLL 4/24/2026 Call $12.50,BTO,2,$0.13 ,($26.08),
4/24/26,4/24/26,4/27/26,NVDA,NVDA 4/27/2026 Call $207.50,BTO,1,$0.53 ,($53.04),
4/24/26,4/24/26,4/27/26,TSLL,TSLL 4/24/2026 Call $12.50,BTO,3,$0.15 ,($45.12),
4/24/26,4/24/26,4/27/26,TSLL,TSLL 4/24/2026 Call $12.50,BTO,3,$0.18 ,($54.12),
4/24/26,4/24/26,4/27/26,NVDA,NVDA 4/27/2026 Call $207.50,BTO,2,$0.74 ,($148.08),
,,,,,,,,,
,,,,,,,,,
,,,,,,,,,
,,,,,,,,,
,,,,,,,,,
4/23/26,4/23/26,4/24/26,METU,METU 5/15/2026 Call $30.00,STC,1,$2.50 ,$249.94 ,
4/23/26,4/23/26,4/24/26,ASTS,ASTS 5/1/2026 Call $90.00,STC,1,$1.13 ,$112.94 ,
4/23/26,4/23/26,4/24/26,NVDA,NVDA 4/27/2026 Call $207.50,STC,4,$0.39 ,$155.82 ,
4/23/26,4/23/26,4/24/26,NVDA,NVDA 4/27/2026 Call $202.50,STC,1,$1.66 ,$165.94 ,
4/23/26,4/23/26,4/24/26,COIN,COIN 4/24/2026 Call $207.50,STC,1,$1.06 ,$105.94 ,
4/23/26,4/23/26,4/24/26,COIN,COIN 4/24/2026 Call $207.50,BTO,1,$2.23 ,($223.04),
4/23/26,4/23/26,4/24/26,COIN,COIN 4/24/2026 Call $212.50,STC,1,$0.95 ,$94.94 ,
4/23/26,4/23/26,4/24/26,COIN,COIN 4/24/2026 Call $207.50,STC,1,$1.90 ,$189.94 ,
4/23/26,4/23/26,4/24/26,COIN,COIN 4/24/2026 Call $212.50,BTO,1,$0.70 ,($70.04),
4/23/26,4/23/26,4/24/26,COIN,COIN 4/24/2026 Call $207.50,BTO,1,$1.40 ,($140.04),
4/23/26,4/23/26,4/24/26,NVDA,NVDA 4/27/2026 Call $207.50,BTO,1,$0.75 ,($75.04),
4/23/26,4/23/26,4/24/26,NVDA,NVDA 4/27/2026 Call $202.50,BTO,1,$2.90 ,($290.04),
4/23/26,4/23/26,4/24/26,NVDA,NVDA 4/27/2026 Call $207.50,STC,1,$1.20 ,$119.94 ,
4/23/26,4/23/26,4/24/26,NVDA,NVDA 4/24/2026 Call $200.00,STC,1,$4.40 ,$439.94 ,
4/23/26,4/23/26,4/24/26,ASTS,ASTS 5/1/2026 Call $95.00,STC,1,$1.04 ,$103.94 ,
4/22/26,4/22/26,4/23/26,ASTS,ASTS 5/1/2026 Call $90.00,BTO,1,$3.25 ,($325.04),
4/22/26,4/22/26,4/23/26,GLD,GLD 4/24/2026 Call $440.00,STC,1,$1.20 ,$119.94 ,
4/22/26,4/22/26,4/23/26,GLD,GLD 4/24/2026 Call $440.00,STC,1,$1.25 ,$124.94 ,
4/22/26,4/22/26,4/23/26,NVDA,NVDA 4/27/2026 Call $207.50,BTO,2,$0.81 ,($162.08),
4/22/26,4/22/26,4/23/26,NVDA,NVDA 4/27/2026 Call $207.50,BTO,2,$1.00 ,($200.08),
4/22/26,4/22/26,4/23/26,NVDA,NVDA 4/24/2026 Call $200.00,STC,1,$3.65 ,$364.94 ,
4/22/26,4/22/26,4/23/26,GLD,GLD 4/24/2026 Call $440.00,BTO,2,$0.99 ,($198.08),
4/22/26,4/22/26,4/23/26,NVDA,NVDA 4/24/2026 Call $200.00,BTO,1,$3.40 ,($340.04),
4/22/26,4/22/26,4/23/26,NVDA,NVDA 4/22/2026 Call $202.50,STC,1,$0.16 ,$15.94 ,
4/22/26,4/22/26,4/23/26,NVDA,NVDA 4/22/2026 Call $202.50,STC,2,$0.16 ,$31.90 ,
4/22/26,4/22/26,4/23/26,NVDA,NVDA 4/24/2026 Call $200.00,BTO,1,$3.10 ,($310.04),
4/22/26,4/22/26,4/23/26,NVDA,NVDA 4/22/2026 Call $202.50,BTO,3,$0.29 ,($87.12),
4/22/26,4/22/26,4/23/26,ASTS,ASTS 5/8/2026 Call $100.00,BTO,2,$2.28 ,($456.08),
4/22/26,4/22/26,4/23/26,ASTS,ASTS 5/1/2026 Call $95.00,BTO,1,$2.45 ,($245.04),
4/21/26,4/21/26,4/22/26,NVDA,NVDA 4/22/2026 Call $202.50,STC,1,$0.49 ,$48.94 ,
4/21/26,4/21/26,4/22/26,NVDA,NVDA 4/24/2026 Call $205.00,STC,1,$0.83 ,$82.94 ,
4/21/26,4/21/26,4/22/26,GOOG,GOOG 4/24/2026 Call $340.00,STC,1,$1.47 ,$146.94 ,
4/21/26,4/21/26,4/22/26,AMZN,"Amazon
CUSIP: 023135106",Sell,0.167,$251.48 ,$42.00 ,
4/21/26,4/21/26,4/22/26,NVDA,NVDA 4/24/2026 Call $205.00,BTO,1,$1.04 ,($104.04),
,,,,,,,,,
4/21/26,4/21/26,4/22/26,GOOG,GOOG 4/24/2026 Call $340.00,BTO,1,$1.43 ,($143.04),
4/21/26,4/21/26,4/22/26,NVDA,NVDA 4/22/2026 Call $202.50,BTO,1,$0.72 ,($72.04),
,,,,,,,,,
4/21/26,4/21/26,4/22/26,SPY,SPY 4/23/2026 Put $703.00,STC,1,$2.85 ,$284.94 ,
4/21/26,4/21/26,4/22/26,HOOD,"Robinhood Markets
CUSIP: 770700102",Sell,0.286,$87.41 ,$25.00 ,
4/21/26,4/21/26,4/22/26,LLY,"Eli Lilly
CUSIP: 532457108",Sell,0.2,$901.01 ,$180.20 ,
4/21/26,4/21/26,4/22/26,JEDI,"Defiance Drone and Modern Warfare ETF
CUSIP: 26922B394",Sell,0.1574,$30.12 ,$4.74 ,
4/21/26,4/21/26,4/22/26,JEDI,"Defiance Drone and Modern Warfare ETF
CUSIP: 26922B394",Sell,1,$30.12 ,$30.12 ,
4/21/26,4/21/26,4/22/26,RKLB,"Rocket Lab Corporation
CUSIP: 773121108",Sell,0.40087,$87.26 ,$34.98 ,
4/21/26,4/21/26,4/22/26,SPY,SPY 4/21/2026 Call $706.00,STC,1,$1.25 ,$124.94 ,
4/21/26,4/21/26,4/22/26,NVDA,NVDA 4/22/2026 Put $200.00,STC,1,$1.48 ,$147.94 ,
4/21/26,4/21/26,4/22/26,SPY,SPY 4/21/2026 Put $705.00,STC,1,$0.60 ,$59.94 ,
4/21/26,4/21/26,4/22/26,SPY,SPY 4/21/2026 Put $705.00,BTO,1,$1.08 ,($108.04),
4/21/26,4/21/26,4/22/26,AMZN,"Amazon
CUSIP: 023135106",Sell,0.13909,$251.58 ,$34.99 ,
4/21/26,4/21/26,4/22/26,SPY,SPY 4/21/2026 Call $706.00,BTO,1,$0.41 ,($41.04),
4/21/26,4/21/26,4/22/26,NVDA,NVDA 4/22/2026 Put $200.00,BTO,1,$2.14 ,($214.04),
4/21/26,4/21/26,4/21/26,,External debit card transfer - account ending in 5863,DCF,,,$350.00 ,
4/21/26,4/21/26,4/22/26,ASTS,ASTS 5/8/2026 Call $100.00,STC,1,$1.90 ,$189.94 ,
4/21/26,4/21/26,4/22/26,TSLL,TSLL 4/24/2026 Call $12.50,STC,1,$0.93 ,$92.94 ,
4/21/26,4/21/26,4/22/26,SPY,SPY 4/23/2026 Put $703.00,BTO,1,$3.44 ,($344.04),
4/21/26,4/21/26,4/22/26,TSLL,TSLL 4/24/2026 Call $12.50,BTO,1,$1.05 ,($105.04),
,,,,,,,,,
4/21/26,4/21/26,4/22/26,ONDS,ONDS 5/15/2026 Call $12.00,STC,1,$0.93 ,$92.94 ,
4/21/26,4/21/26,4/22/26,SPY,SPY 4/21/2026 Put $705.00,STC,1,$0.64 ,$63.94 ,
4/21/26,4/21/26,4/22/26,SPY,SPY 4/21/2026 Put $705.00,BTO,1,$0.94 ,($94.04),
4/21/26,4/21/26,4/22/26,SPY,SPY 4/21/2026 Put $707.00,STC,1,$1.19 ,$118.94 ,
4/21/26,4/21/26,4/22/26,SPY,SPY 4/21/2026 Put $707.00,STC,1,$1.45 ,$144.94 ,
4/21/26,4/21/26,4/22/26,SPY,SPY 4/21/2026 Put $707.00,BTO,1,$1.25 ,($125.04),
4/21/26,4/21/26,4/22/26,SPY,SPY 4/21/2026 Put $707.00,STC,1,$1.19 ,$118.94 ,
4/21/26,4/21/26,4/22/26,SPY,SPY 4/21/2026 Put $707.00,STC,1,$0.95 ,$94.94 ,
4/21/26,4/21/26,4/22/26,SPY,SPY 4/21/2026 Put $707.00,BTO,2,$0.94 ,($188.08),
4/21/26,4/21/26,4/22/26,SPY,SPY 4/21/2026 Put $707.00,BTO,1,$1.18 ,($118.04),
4/21/26,4/21/26,4/22/26,ASTS,ASTS 5/8/2026 Call $100.00,STC,1,$2.10 ,$209.94 ,
4/21/26,4/21/26,4/22/26,ONDS,ONDS 5/15/2026 Call $12.00,STC,1,$0.94 ,$93.94 ,
4/21/26,4/21/26,4/22/26,ASTS,ASTS 5/8/2026 Call $100.00,BTO,2,$2.80 ,($560.08),
4/20/26,4/20/26,4/21/26,SOFI,"SoFi Technologies
CUSIP: 83406F102
Recurring",Buy,0.309677,$19.38 ,($6.00),
4/20/26,4/20/26,4/21/26,META,"Meta Platforms
CUSIP: 30303M102
Recurring",Buy,0.010422,$671.64 ,($7.00),
4/20/26,4/20/26,4/21/26,ONDS,ONDS 5/15/2026 Call $12.00,BTO,2,$0.76 ,($152.08),
4/20/26,4/20/26,4/21/26,ASTS,ASTS 5/8/2026 Call $100.00,STC,1,$1.50 ,$149.94 ,
4/17/26,4/17/26,4/20/26,ASTS,ASTS 5/8/2026 Call $100.00,BTO,1,$3.75 ,($375.04),
4/17/26,4/17/26,4/20/26,META,"Meta Platforms
CUSIP: 30303M102
Recurring",Buy,0.010215,$685.25 ,($7.00),
4/17/26,4/17/26,4/20/26,SOFI,"SoFi Technologies
CUSIP: 83406F102
Recurring",Buy,0.306278,$19.59 ,($6.00),
4/17/26,4/17/26,4/20/26,METU,METU 5/15/2026 Call $30.00,BTO,1,$3.70 ,($370.04),
4/17/26,4/17/26,4/20/26,RDW,RDW 5/15/2026 Call $10.00,STC,1,$1.70 ,$169.94 ,
4/17/26,4/17/26,4/20/26,RDW,RDW 4/24/2026 Call $9.50,STC,1,$1.50 ,$149.94 ,
4/17/26,4/17/26,4/20/26,ONDS,ONDS 4/24/2026 Call $10.00,STC,2,$0.65 ,$129.90 ,
4/17/26,4/17/26,4/20/26,ONDS,ONDS 4/24/2026 Call $10.00,STC,1,$0.70 ,$69.94 ,
4/16/26,4/16/26,4/17/26,META,"Meta Platforms
CUSIP: 30303M102
Recurring",Buy,0.01034,$676.94 ,($7.00),
4/16/26,4/16/26,4/17/26,GOOG,GOOG 4/24/2026 Call $340.00,STC,1,$3.40 ,$339.94 ,
4/16/26,4/16/26,4/17/26,RDW,RDW 5/15/2026 Call $10.00,STC,1,$1.85 ,$184.94 ,
4/16/26,4/16/26,4/17/26,GOOG,GOOG 4/24/2026 Call $340.00,BTO,1,$4.15 ,($415.04),
,,,,,,,,,
4/16/26,4/16/26,4/17/26,SPY,SPY 4/17/2026 Put $697.00,STC,1,$1.60 ,$159.94 ,
4/16/26,4/16/26,4/17/26,SPY,SPY 4/17/2026 Put $697.00,BTO,1,$1.73 ,($173.04),
,,,,,,,,,
4/16/26,4/16/26,4/17/26,SPY,SPY 4/16/2026 Put $700.00,STC,1,$1.69 ,$168.94 ,
4/16/26,4/16/26,4/17/26,SPY,SPY 4/16/2026 Put $700.00,BTO,1,$1.79 ,($179.04),
4/16/26,4/16/26,4/17/26,SPY,SPY 4/16/2026 Put $700.00,STC,1,$1.80 ,$179.94 ,
4/16/26,4/16/26,4/17/26,SPY,SPY 4/16/2026 Put $700.00,BTO,1,$1.47 ,($147.04),
4/16/26,4/16/26,4/17/26,SPY,SPY 4/16/2026 Put $699.00,STC,1,$1.40 ,$139.94 ,
4/16/26,4/16/26,4/17/26,SPY,SPY 4/16/2026 Put $699.00,BTO,1,$1.30 ,($130.04),
4/16/26,4/16/26,4/17/26,RDW,RDW 4/24/2026 Call $9.50,BTO,1,$1.14 ,($114.04),
4/16/26,4/16/26,4/17/26,ONDS,ONDS 4/24/2026 Call $10.00,STC,2,$0.55 ,$109.90 ,
4/16/26,4/16/26,4/17/26,ONDS,ONDS 4/24/2026 Call $10.00,STC,1,$0.65 ,$64.94 ,
4/15/26,4/15/26,4/16/26,HIMS,HIMS 4/17/2026 Call $26.00,STC,1,$0.48 ,$47.94 ,
4/15/26,4/15/26,4/16/26,ASTS,ASTS 5/1/2026 Call $100.00,STC,1,$3.30 ,$329.94 ,
4/15/26,4/15/26,4/16/26,ONDS,ONDS 4/24/2026 Call $10.00,STC,3,$0.56 ,$167.86 ,
4/15/26,4/15/26,4/16/26,HIMS,HIMS 4/17/2026 Call $26.00,STC,1,$0.40 ,$39.94 ,
,,,,,,,,,
,,,,,,,,,
,,,,,,,,,
,,,,,,,,,
,,,,,,,,,
,,,,,,,,,
,,,,,,,,,
,,,,,,,,,
,,,,,,,,,
,,,,,,,,,
,,,,,,,,,
,,,,,,,,,
,,,,,,,,,
,,,,,,,,,
,,,,,,,,,
,,,,,,,,,
,,,,,,,,,
,,,,,,,,,
,,,,,,,,,
,,,,,,,,,
,,,,,,,,,
,,,,,,,,,
,,,,,,,,,
,,,,,,,,,
,,,,,,,,,
,,,,,,,,,
,,,,,,,,,
,,,,,,,,,
,,,,,,,,,
,,,,,,,,,
,,,,,,,,,
,,,,,,,,,
,,,,,,,,,
,,,,,,,,,
,,,,,,,,,
,,,,,,,,,
,,,,,,,,,
,,,,,,,,,
,,,,,,,,,
,,,,,,,,,
,,,,,,,,,
,,,,,,,,,
,,,,,,,,,
,,,,,,,,,
,,,,,,,,,
,,,,,,,,,
,,,,,,,,,
,,,,,,,,,
,,,,,,,,,
,,,,,,,,,
,,,,,,,,,
,,,,,,,,,
,,,,,,,,,
,,,,,,,,,
,,,,,,,,,
,,,,,,,,,
,,,,,,,,,
,,,,,,,,,
,,,,,,,,,
,,,,,,,,,
,,,,,,,,,
,,,,,,,,,
,,,,,,,,,
,,,,,,,,,
,,,,,,,,,
,,,,,,,,,
,,,,,,,,,
,,,,,,,,,
,,,,,,,,,
,,,,,,,,,
,,,,,,,,,
,,,,,,,,,
,,,,,,,,,
,,,,,,,,,
,,,,,,,,,
,,,,,,,,,
,,,,,,,,,
,,,,,,,,,
,,,,,,,,,
,,,,,,,,,
,,,,,,,,,
,,,,,,,,,
,,,,,,,,,
,,,,,,,,,
,,,,,,,,,The data provided is for informational purposes only. Please consult a professional tax service or personal tax advisor if you need instructions on how to calculate cost basis or questions regarding your specific tax situation. Reminder: This data does not include Robinhood Crypto or Robinhood Spending activity.