"last_name, first_name",pitcher,n_ff,n_si,n_fc,n_sl,n_ch,n_cu,n_fs,n_kn,n_st,n_sv
"Soriano, José",667755,23.4,26.5,,5.4,,25.2,19.5,,,
"Alcantara, Sandy",645261,20.0,23.4,13.0,9.3,22.5,4.5,,,7.4,
"Gausman, Kevin",592332,52.8,,,9.0,,,38.2,,,
"Schlittler, Cam",693645,44.9,19.1,26.6,2.2,,7.1,,,,
"Luzardo, Jesús",666200,27.1,14.8,,,23.0,,,,35.1,
"Baz, Shane",669358,33.8,6.5,18.0,,8.1,33.5,,,,
"Peralta, Freddy",642547,53.6,,,9.8,23.9,12.8,,,,
"Detmers, Reid",672282,44.5,2.3,,31.1,12.0,10.1,,,,
"Sánchez, Cristopher",650911,,43.2,,18.3,38.5,,,,,
"Roupp, Landen",694738,3.6,36.9,12.9,,18.9,27.8,,,,
"Ray, Robbie",592662,43.2,3.7,,28.3,16.8,7.9,,,,
"Ryan, Joe",657746,44.7,11.8,,6.9,,12.8,10.1,,13.7,
"Bibee, Tanner",676440,24.3,18.8,25.7,,18.9,10.1,,,2.2,
"Rodriguez, Eduardo",593958,39.7,7.4,13.4,,28.4,11.2,,,,
"Flaherty, Jack",656427,49.3,3.8,,24.8,1.9,20.1,,,,
"Elder, Bryce",693821,25.0,24.7,12.3,28.5,9.5,,,,,
"Leiter, Jack",683004,38.8,7.2,10.8,17.4,17.7,8.0,,,,
"Lugo, Seth",607625,16.9,19.9,14.7,9.7,8.4,17.0,,,10.3,3.1
"Williams, Gavin",668909,25.2,16.3,9.1,,,23.0,,,26.4,
"McLean, Nolan",690997,17.3,35.0,10.5,,7.7,11.8,,,17.7,
"Bradish, Kyle",680694,19.1,31.0,,27.7,,22.2,,,,
"Burrows, Mike",681347,28.8,13.8,,15.3,27.5,14.6,,,,
"Gilbert, Logan",669302,32.7,0.3,10.3,22.8,8.2,9.9,15.8,,,
"Cantillo, Joey",676282,41.8,,1.6,9.0,28.5,19.2,,,,
"Kirby, George",669923,32.1,19.1,3.7,,6.9,10.7,,,27.5,
"Soroka, Michael",647336,31.7,10.4,11.7,,12.6,,,,0.7,32.8
"Cavalli, Cade",676917,34.6,15.2,,,9.1,29.5,,,11.6,
"Misiorowski, Jacob",694819,62.7,,10.5,13.7,1.9,11.2,,,,
"King, Michael",650633,20.6,27.3,,5.2,27.1,,,,19.9,
"Abbott, Andrew",671096,47.3,,0.2,,17.3,13.6,,,21.7,
"Wacha, Michael",608379,28.6,14.8,14.7,9.2,23.1,9.5,,,,
"Griffin, Foster",656492,17.9,10.9,30.6,,10.8,8.9,6.1,,14.8,
"Valdez, Framber",664285,0.9,46.8,,4.9,19.3,28.1,,,,
"Imanaga, Shota",684007,41.3,7.8,,,,2.4,35.2,,13.3,
"Messick, Parker",800048,31.8,16.0,8.1,8.3,24.5,11.3,,,,
"Meyer, Max",676974,23.9,11.0,,25.6,12.1,,,,27.4,
"Nola, Aaron",605400,25.0,19.5,9.3,,12.0,34.2,,,,
"Gore, MacKenzie",669022,43.7,6.5,7.8,9.4,10.2,22.5,,,,
"Burke, Sean",680732,37.5,16.3,5.0,16.8,3.3,21.1,,,,
"Yamamoto, Yoshinobu",808967,27.3,12.1,13.7,6.7,,12.8,27.4,,,
"Sale, Chris",519242,39.2,7.9,,41.3,11.7,,,,,
"Kay, Anthony",641743,25.8,18.9,17.7,3.3,14.1,,,,20.1,
"Castillo, Luis",622491,45.7,17.0,0.1,24.7,12.5,,,,,
"Skenes, Paul",694973,36.2,14.1,,3.5,16.9,0.9,12.6,,15.8,
"Ashcraft, Braxton",677952,32.3,14.9,,23.9,,24.3,4.6,,,
"Springs, Jeffrey",605488,43.4,,2.1,25.2,22.5,,,,6.7,
"deGrom, Jacob",594798,42.4,1.2,,34.4,15.1,6.9,,,,
"Keller, Mitch",656605,33.1,16.3,6.4,9.0,10.6,7.3,,,17.3,
"Lorenzen, Michael",547179,20.1,15.4,14.0,9.1,20.1,13.8,,,7.7,
"McGreevy, Michael",700241,24.4,17.7,11.0,4.1,20.5,11.0,,,11.1,
"Vásquez, Randy",681190,31.1,13.5,23.7,5.7,8.7,11.1,,,6.4,
"Taillon, Jameson",592791,28.7,9.4,19.0,,15.1,10.7,,,17.0,
"Woo, Bryan",693433,49.0,17.7,,12.5,6.0,,,,14.7,
"Chandler, Bubba",696149,50.4,6.5,,14.3,17.8,2.4,,,8.5,
"Weathers, Ryan",677960,28.8,18.8,,9.6,23.5,,,,19.4,
"Nelson, Ryne",669194,58.1,3.9,9.9,18.8,,9.2,,,,
"Liberatore, Matthew",669461,33.1,9.3,3.9,22.3,15.0,15.8,0.6,,,
"Gallen, Zac",668678,38.2,5.1,,22.7,14.0,20.1,,,,
"Cecconi, Slade",677944,31.2,18.2,26.4,0.4,1.5,15.5,,,6.9,
"Kochanowicz, Jack",686799,22.2,38.3,,16.3,23.2,,,,,
"Eovaldi, Nathan",543135,12.1,7.9,20.8,0.9,,20.2,38.1,,,
"Martin, Davis",663436,26.4,17.0,13.0,14.6,16.6,12.4,,,,
"Hancock, Emerson",676106,37.8,22.7,12.2,,5.5,2.0,,,19.8,
"Burns, Chase",695505,56.7,,,36.6,6.6,0.1,,,,
"Severino, Luis",622663,21.2,23.8,20.7,4.2,5.4,,,,24.6,
"Early, Connelly",813349,34.9,19.6,,6.9,20.6,12.1,,,6.0,
"Cease, Dylan",656302,35.3,9.7,,29.4,11.2,9.0,,,5.4,
"Pallante, Andre",669467,30.2,19.1,,29.2,,18.1,3.4,,,
"Rea, Colin",607067,41.0,9.2,5.8,11.8,,5.2,19.0,,7.9,
"Bradley, Taj",671737,46.5,,22.5,,,10.7,20.3,,,
"Pérez, Eury",691587,47.5,6.4,,15.1,10.3,6.3,,,14.5,
"Cameron, Noah",702070,29.4,2.1,19.0,11.1,21.4,17.0,,,,
"Warren, Will",701542,41.3,26.5,,,7.7,2.7,,,21.8,
"May, Dustin",669160,25.6,17.2,23.1,,6.9,7.3,,,20.0,
"Bello, Brayan",678394,6.2,42.3,15.9,,17.5,6.1,,,12.0,
"Ober, Bailey",641927,31.5,3.4,,16.1,36.6,2.0,,,10.4,
"Rocker, Kumar",677958,10.7,34.1,10.0,38.1,7.0,,,,,
"Leahy, Kyle",681517,29.4,14.2,,15.6,12.4,15.6,,,12.7,
"Sugano, Tomoyuki",608372,20.3,19.4,10.9,11.6,,5.7,20.6,,11.6,
"Rasmussen, Drew",656876,26.9,21.3,33.6,,10.7,4.5,,,2.9,
"Sheehan, Emmet",686218,42.3,,,32.2,16.0,9.4,,,,
"Ginn, J.T.",669372,12.7,36.2,16.8,17.1,17.2,,,,,
"Houser, Adrian",605288,14.5,46.0,,11.9,18.0,9.6,,,,
"Painter, Andrew",691725,33.3,11.1,,20.3,,9.3,14.4,,11.6,
"Suarez, Ranger",624133,20.9,26.9,19.9,1.9,15.3,15.1,,,,
"Singer, Brady",663903,3.0,46.2,6.3,33.3,,,,,11.3,
"Holmes, Grant",656550,33.4,7.6,6.2,40.3,5.9,6.5,,,,
"Fedde, Erick",607200,1.5,27.6,20.5,,12.8,,,,37.6,
"Sasaki, Roki",808963,43.2,,,21.7,,,20.9,,,
"Wrobleski, Justin",680736,50.6,5.3,0.5,33.4,3.6,5.7,,,0.8,
"Mlodzinski, Carmen",669387,28.7,19.2,,4.7,,11.1,26.2,,10.1,
"Harrison, Kyle",690986,59.4,1.2,,,10.2,,,,,29.2
"Littell, Zack",641793,28.2,14.3,,28.6,,,19.3,,9.6,
"Martinez, Nick",607259,10.3,31.6,19.6,3.2,27.9,7.4,,,,
"Bassitt, Chris",605135,4.6,37.2,22.4,2.2,4.5,23.3,,,5.8,
"Lopez, Jacob",682052,33.8,5.6,19.7,30.4,10.4,,,,,
"Mahle, Tyler",641816,48.3,1.8,15.4,9.8,,,24.6,,,
"Buehler, Walker",621111,19.7,17.1,25.1,9.2,8.8,13.0,,,7.1,
"Sproat, Brandon",687075,19.8,27.0,25.8,,6.8,11.8,,,8.7,
"Rogers, Trevor",669432,42.5,13.3,10.2,,23.0,,,,11.1,
"Junk, Janson",676083,33.2,2.6,,23.5,19.9,7.3,,,13.5,
"Cabrera, Edward",665795,16.8,19.9,,11.8,32.4,19.1,,,,
"McClanahan, Shane",663556,36.7,,,21.0,28.8,13.5,,,,
"Irvin, Jake",663623,27.5,24.0,10.6,,4.4,25.6,,,7.8,
"Freeland, Kyle",607536,27.2,3.3,17.7,,15.9,22.5,,,13.4,
"Montero, Keider",672456,33.3,19.7,,17.3,15.4,14.3,,,,
"Ohtani, Shohei",660271,45.1,3.8,0.7,1.0,,10.1,9.0,,30.3,
"Peterson, David",656849,22.3,30.0,,23.9,10.8,13.0,,,,
"Kelly, Merrill",518876,25.9,9.3,15.1,13.0,26.4,10.4,,,,
"Mikolas, Miles",571945,25.6,24.7,,21.4,8.7,13.7,,,6.0,
"Civale, Aaron",650644,11.9,19.4,35.5,3.7,,22.9,6.7,,,
"Fried, Max",608331,16.8,22.1,22.4,1.0,13.7,14.2,,,9.8,
"Webb, Logan",657277,10.9,36.6,10.1,,22.6,,,,19.8,
"Pérez, Martín",527048,6.6,29.5,21.5,,32.8,9.7,,,,
"Corbin, Patrick",571578,7.8,30.2,18.2,24.9,18.3,0.5,,,,
"Paddack, Chris",663978,34.5,6.7,11.8,,27.0,10.9,,,9.1,
"Gray, Sonny",543243,20.5,16.1,21.1,0.1,5.4,19.2,,,17.6,
"Woods Richardson, Simeon",680573,43.6,,,23.6,,6.4,26.5,,,
"Ureña, Walbert",700712,22.1,30.2,,,33.5,,,,14.2,
"Lambert, Peter",663567,29.5,8.9,10.7,18.1,22.8,,,,,10.0
"Brown, Ben",676962,36.6,20.0,,,6.3,37.1,,,,
"Arrighetti, Spencer",681293,30.2,10.5,4.6,,6.8,33.8,,,14.0,
"Holmes, Clay",605280,0.1,50.5,7.0,,14.6,8.8,,,19.0,
"Matz, Steven",571927,,49.0,,11.1,29.4,10.6,,,,
"Bubic, Kris",663460,41.2,12.7,,8.9,20.0,,,,17.3,
"Patrick, Chad",694477,25.4,20.8,41.6,,0.5,,,,,11.7
"Prielipp, Connor",687570,30.2,9.2,,31.7,12.6,16.3,,,,
"Young, Brandon",687064,39.9,13.0,,14.9,,12.0,20.2,,,
"Manaea, Sean",640455,37.2,19.7,6.4,,5.2,,,,31.4,
"Lauer, Eric",641778,45.4,,17.2,8.1,16.4,12.9,,,,
"Teng, Kai-Wei",678906,25.0,17.7,,1.3,10.0,10.5,,,35.4,
"Wheeler, Zack",554430,39.3,16.3,10.3,,,7.6,13.4,,13.1,
"Dollander, Chase",801403,37.7,24.0,,14.5,10.5,7.9,,,5.4,
"Lowder, Rhett",695076,23.7,30.2,,24.8,21.2,,,,,
"Phillips, Tyler",663969,6.9,27.3,,,,17.2,24.6,,23.9,
"Yesavage, Trey",702056,45.8,,,21.5,,,32.7,,,
"Blubaugh, AJ",805123,51.1,,4.4,,22.6,2.0,,,20.0,
"Mize, Casey",663554,33.3,10.2,,25.1,,,26.7,,,4.7
"McCullers Jr., Lance",621121,4.3,22.7,27.0,,13.6,15.5,,,16.8,
"Anderson, Drew",623454,40.2,,,6.4,31.9,21.5,,,,
"Tolle, Payton",801139,48.7,23.7,15.7,,3.1,8.9,,,,
"Quintana, Jose",500779,29.7,19.4,,,21.0,15.7,,,,14.3
"Agnos, Zach",688642,25.0,11.4,24.6,13.8,,,10.5,,14.6,
"Lord, Brad",695418,36.6,22.0,,24.0,5.6,,,,11.7,
"Imai, Tatsuya",837227,41.3,9.3,,44.7,1.8,0.9,2.0,,,
"Scott, Christian",681035,51.1,2.6,16.7,1.7,,,4.0,,23.9,
"Miles, Spencer",693686,18.6,36.3,,19.1,0.3,25.8,,,,
"Ashby, Aaron",676879,3.2,52.1,,16.1,10.1,18.4,,,,
"Schultz, Noah",702273,24.8,26.2,18.4,,8.7,,,,21.8,
"López, Reynaldo",625643,54.7,,,32.8,3.7,8.8,,,,
"Ragans, Cole",666142,56.1,,5.6,13.3,16.5,8.5,,,,
"Pfaadt, Brandon",694297,19.6,21.4,13.9,,9.4,21.1,,,14.7,
"Skubal, Tarik",669373,39.0,18.7,,13.7,25.7,2.9,,,,
"Strider, Spencer",675911,48.0,,,26.2,10.8,15.1,,,,
"Jax, Griffin",643377,20.6,19.6,6.6,,20.4,7.9,,,24.9,
"Watson, Ryan",670245,22.2,17.2,22.2,0.3,,15.1,1.5,,21.4,
"Suter, Brent",608718,26.1,25.1,,17.2,31.7,,,,,
"Scholtens, Jesse",669947,22.0,24.5,,32.4,,,11.0,,10.1,
"Glasnow, Tyler",607192,29.0,25.4,,16.0,,29.5,,,,
"McDonald, Trevor",686790,,57.5,0.3,28.9,13.2,,,,,
"Ramírez, Yohan",670990,25.3,23.8,,,0.3,14.9,,,35.6,
"Gordon, Tanner",685299,32.8,7.9,,27.2,22.3,9.8,,,,
"Mejia, Juan",675848,44.5,9.1,,2.2,3.4,,,,40.8,
"Suarez, José",660761,40.0,9.7,1.2,23.2,25.9,,,,,
"Marinaccio, Ron",676760,43.2,,20.0,,30.6,,,,6.2,
"Drohan, Shane",675660,28.3,19.8,15.7,18.4,4.5,13.3,,,,
"Avila, Luinder",679883,24.5,27.1,,25.7,10.7,11.9,,,,
"Newcomb, Sean",656794,29.6,28.4,1.9,,4.4,2.6,,,,33.0
"Zeferjahn, Ryan",666171,27.8,21.1,,17.2,,,,,33.9,
"Kikuchi, Yusei",579328,33.9,,11.5,23.6,,8.8,22.2,,,
"Harris, Hogan",663687,57.3,,1.6,11.8,5.3,24.0,,,,
"Taylor, Grant",691799,51.9,6.6,0.7,16.6,,24.2,,,,
"Lodolo, Nick",666157,26.8,22.2,,,24.9,26.1,,,,
"Varland, Louis",686973,42.9,3.2,,9.9,15.5,28.5,,,,
"Kolek, Stephen",663568,30.0,23.5,11.7,12.5,13.2,,,,9.2,
"Canning, Griffin",656288,25.0,12.7,3.8,23.4,26.6,2.7,,,5.8,
"Bachar, Lake",669199,33.3,0.9,,23.5,,12.0,10.7,,19.6,
"Brubaker, JT",664141,4.6,48.6,,27.7,11.1,8.0,,,,
"Phillips, Connor",683175,48.9,,,,,2.9,,,48.2,
"Perkins, Jack",678022,39.9,2.4,7.9,2.0,16.5,,,,31.3,
"Hall, DL",669084,12.4,37.7,0.6,7.4,16.9,14.5,,,10.6,
"Morris, Andrew",702193,40.9,13.4,15.7,,8.6,3.2,,,18.3,
"Fisher, Braydon",680755,16.3,,5.4,49.7,,28.6,,,,
"Weiss, Ryan",680802,37.0,12.5,,,14.9,3.4,,,32.3,
"Lange, Alex",656638,13.0,22.8,10.3,32.2,21.6,,,,,
"Morán, Jovani",663558,39.3,2.5,15.6,,37.2,0.4,,,5.0,
"Williamson, Brandon",682227,20.5,10.6,26.4,,23.6,9.1,,,9.8,
"Crochet, Garrett",676979,33.6,22.4,24.7,,4.2,,0.8,,14.3,
"Hoffman, Jeff",656546,33.1,5.4,,37.9,,,23.6,,,
"Morejon, Adrian",670970,13.0,48.2,,21.4,17.5,,,,,
"Stanek, Ryne",592773,50.6,11.1,,24.8,,,13.1,,0.4,
"Hudson, Bryan",663542,66.7,8.3,2.6,,,,,,22.5,
"Parker, Mitchell",680730,30.8,,,53.4,,15.0,0.8,,,
"Webb, Jacob",657097,49.6,,,2.6,36.5,6.3,,,5.0,
"Seymour, Ian",693855,21.7,17.3,2.4,4.0,33.6,,,,21.1,
"Brazobán, Huascar",623211,5.0,48.9,1.4,1.2,43.5,,,,,
"Márquez, Germán",608566,37.7,10.4,,10.4,3.6,37.9,,,,
"Peralta, Wandy",593974,9.4,38.6,,17.2,34.8,,,,,
"Gómez, Yoendrys",672782,43.5,16.3,13.5,,2.4,,,,24.3,
"Burke, Brock",656271,41.0,11.9,,29.2,17.9,,,,,
"Senzatela, Antonio",622608,35.2,11.7,32.6,3.0,7.8,9.7,,,,
"Orze, Eric",679358,24.0,,,12.5,,8.7,54.7,,,
"Nunez, Anthony",689296,27.7,16.2,3.0,,24.1,,,,28.9,
"Assad, Javier",665871,13.9,42.2,16.1,5.3,9.2,7.8,,,5.5,
"Bednar, David",670280,40.3,,,,,24.5,35.2,,,
"Headrick, Brent",687396,49.6,11.9,,35.0,,,3.5,,,
"Romero, JoJo",668941,2.3,43.5,,,18.1,,,,36.1,
"Bruihl, Justin",677865,9.0,45.6,0.6,,10.3,,,,34.5,
"Sterner, Justin",686993,40.0,,30.2,,,,,,29.8,
"Banda, Anthony",607455,28.3,23.0,,42.3,6.4,,,,,
"Moll, Sam",594580,9.7,37.6,,,15.3,,,,37.4,
"Holton, Tyler",663947,11.4,19.7,31.5,,13.9,4.6,,,19.0,
"Bazardo, Eduard",660825,0.6,62.9,,,,,1.7,,34.8,
"Svanson, Matt",694335,,47.6,21.2,,,,,,31.2,
"Smith, Cade",671922,61.2,,,,,,25.5,,13.4,
"King, Bryan",687911,59.4,11.7,,,0.8,,,,28.0,
"O'Brien, Riley",676617,,57.4,,11.6,0.8,,,,30.3,
"Sisk, Evan",681895,15.2,30.3,,,10.3,25.1,,,19.2,
"Matthews, Zebby",805673,38.0,2.8,10.4,19.7,13.8,15.3,,,,
"Finnegan, Kyle",640448,55.1,,,11.3,,,33.6,,,
"Feltner, Ryan",663372,24.9,13.6,,25.3,16.8,7.9,,,11.5,
"Faucher, Calvin",676534,5.3,13.4,44.1,0.4,,16.0,,,20.7,
"Kinley, Tyler",641755,16.3,0.2,,66.4,,17.1,,,,
"Soto, Gregory",642397,21.2,35.2,,19.7,,,0.2,,23.6,
"Wells, Tyler",669330,34.1,,25.9,15.9,20.0,4.1,,,,
"Keller, Brad",641745,32.1,19.8,,21.1,13.6,,,,13.4,
"Kilian, Caleb",668873,51.0,9.3,,13.0,,26.8,,,,
"Okert, Steven",595345,27.6,5.4,,67.0,,,,,,
"Rodriguez, Bradgley",699134,22.9,26.0,9.3,,41.8,,,,,
"Myers, Tobias",668964,50.7,,12.0,15.2,,,22.2,,,
"Ferrer, José A.",678606,0.2,67.6,,14.4,17.7,,,,,
"Fuentes, Didier",800311,67.3,,,25.7,,,7.0,,,
"Barlow, Scott",605130,13.6,14.1,,2.6,,33.0,,,36.7,
"Poulin, PJ",676571,31.0,18.7,,,15.4,,,,34.9,
"Bachman, Sam",696147,,31.4,,53.8,14.7,,,,,
"Alvarado, José",621237,1.8,62.8,33.7,,,1.8,,,,
"Erceg, Lucas",668674,30.2,23.8,,31.3,14.6,,,,,
"Lovelady, Richard",663992,19.9,28.9,,7.1,,,,,44.2,
"Latz, Jacob",656641,54.5,,,23.2,14.8,7.5,,,,
"Lee, Dylan",669276,28.5,,,53.6,17.9,,,,,
"Fluharty, Mason",689254,,,52.2,,7.5,,,,40.3,
"Montgomery, Mason",682254,64.6,0.4,,13.7,4.6,16.6,,,,
"Ashcraft, Graham",668933,,,51.3,48.7,,,,,,
"Rodón, Carlos",607074,44.4,15.1,,27.6,11.8,1.1,,,,
"Ritchie, JR",702275,23.2,11.4,10.2,10.7,18.5,26.1,,,,
"Medina, Luis",665622,31.0,32.1,,14.7,12.9,9.2,,,,
"Miller, Mason",695243,41.6,0.2,,55.5,2.7,,,,,
"Lawrence, Justin",664875,16.8,42.8,,,,,,,40.4,
"Cruz, Fernando",518585,32.5,3.1,,13.2,,,51.1,,,
"Santana, Dennis",642701,34.2,9.7,5.9,35.6,14.6,,,,,
"Criswell, Cooper",681867,6.3,26.0,20.5,,26.9,,,,19.4,0.9
"Alexander, Tyler",641302,7.9,26.2,26.2,,24.8,,,,14.9,
"Sulser, Cole",642121,46.3,,12.2,,39.5,,,,2.0,
"Pallette, Peyton",688883,52.3,,,22.4,1.4,24.0,,,,
"Banks, Tanner",621383,19.9,16.7,,35.3,4.3,,,,23.8,
"Mayza, Tim",641835,2.3,63.4,,31.6,,,2.7,,,
"Weaver, Luke",596133,50.3,,14.2,0.2,35.2,,,,,
"Leiter Jr., Mark",643410,13.5,25.2,8.5,1.1,,18.1,33.5,,,
"Milner, Hoby",571948,12.2,43.1,,,17.7,,,,27.1,
"Abreu, Bryan",650556,48.7,,3.0,48.3,,,,,,
"Morillo, Juan",666661,52.7,13.0,,15.3,19.0,,,,,
"Festa, Matt",670036,41.3,6.3,7.9,,,,,,44.5,
"Boyd, Matthew",571510,50.9,0.9,,11.6,28.6,7.9,,,,
"Kerkering, Orion",689147,29.3,19.8,,,,,5.6,,45.3,
"Blackburn, Paul",621112,1.9,33.4,33.2,0.9,13.3,11.7,,,5.6,
"De Jesus, Enmanuel",646241,40.0,12.4,17.3,8.4,21.8,,,,,
"Schultz, Paxton",687606,35.8,,41.9,5.6,16.7,,,,,
"Walker, Taijuan",592836,9.9,22.6,19.8,11.8,,12.7,23.1,,,
"Weissert, Greg",669711,28.5,35.4,,7.1,8.6,2.6,,,17.8,
"Baker, Bryan",641329,49.9,,,5.0,45.1,,,,,
"Farris, Mitch",815083,44.7,,14.3,13.3,27.8,,,,,
"Graceffo, Gordon",700669,42.4,5.7,,24.8,9.3,17.9,,,,
"Domínguez, Seranthony",622554,33.8,19.5,,,,2.9,14.0,,29.8,
"Winn, Keaton",676775,24.4,23.4,,4.1,,,48.1,,,
"Soriano, George",666277,26.1,13.2,,22.2,26.6,,,,12.0,
"Klein, Will",694361,50.5,,,5.3,,17.9,,,26.3,
"Suarez, Robert",663158,46.3,6.2,16.1,,31.4,,,,,
"Rogers, Tyler",643511,,77.9,,22.1,,,,,,
"Woodruff, Brandon",605540,42.4,18.6,12.0,,21.0,4.8,,,1.2,
"Legumina, Casey",668984,41.0,20.2,,10.6,9.9,,,,18.3,
"Bender, Anthony",669622,1.9,32.9,,13.8,2.4,,,,48.9,
"Rogers, Taylor",573124,,36.2,17.2,,,,,,46.6,
"Muñoz, Andrés",662253,27.2,13.1,,55.6,4.1,,,,,
"Miller, Erik",669062,8.7,44.4,,39.3,7.5,,,,,
"Santillan, Tony",663574,64.4,,,2.0,,,,,,33.7
"Petersen, Michael",656848,57.1,,,26.8,16.1,,,,,
"Bernardino, Brennan",657514,8.8,40.7,13.9,,6.8,27.6,,,2.2,
"Silseth, Chase",681217,35.5,14.9,,,,,35.9,,13.7,
"Lynch IV, Daniel",663738,17.4,27.2,,23.5,24.0,7.8,,,,
"Ginkel, Kevin",656464,45.0,3.2,,51.7,,,,,,
"Quantrill, Cal",615698,16.3,31.7,30.0,,,4.2,17.8,,,
"Schreiber, John",670167,25.5,24.8,15.1,,10.9,,,,23.8,
"Gage, Matt",657424,31.1,6.2,,47.0,15.7,,,,,
"Miller, Bryce",682243,47.1,2.2,6.2,15.7,,4.0,19.2,,5.5,
"Suárez, Albert",544150,51.9,,20.0,,20.4,7.5,,,,0.2
"Hill, Jaden",677955,29.8,19.5,,31.3,19.5,,,,,
"Maton, Phil",664208,,12.0,42.0,,,28.7,,,17.3,
"Woodford, Jake",663765,1.3,29.0,38.0,1.3,15.3,,,,15.3,
"Kelly, Kevin",687330,4.5,60.8,0.8,,21.5,,,,12.5,
"Vesia, Alex",681911,53.4,,,33.1,13.5,,,,,
"Waldron, Matt",663362,20.3,17.3,19.3,,,,,27.6,15.5,
"Dreyer, Jack",676263,49.0,,,40.5,,10.6,,,,
"De Los Santos, Enyel",660853,42.6,,,31.2,26.2,,,,,
"Varland, Gus",681402,55.8,,,42.2,2.0,,,,,
"Anderson, Grant",681982,43.9,19.7,,,3.3,,,,33.1,
"Beeks, Jalen",656222,50.6,,9.4,,39.9,,,,,
"Raley, Brooks",548384,,23.0,20.9,,13.0,,,,43.1,
"Bolton, Cody",675989,28.4,15.1,23.8,,10.7,11.5,,,10.5,
"Vest, Will",676684,44.7,15.7,,27.8,11.8,,,,,
"Henriquez, Edgardo",683618,34.3,29.4,9.0,24.5,,2.8,,,,
"Loáisiga, Jonathan",642528,19.7,30.9,,,30.1,19.2,,,,
"Scott, Tanner",656945,49.4,,,50.6,,,,,,
"Herrin, Tim",682120,21.6,20.3,,29.7,0.5,27.9,,,,
"Williams, Devin",642207,50.0,,,0.8,49.2,,,,,
"Borucki, Ryan",621366,,35.0,4.7,37.6,,,13.2,,9.5,
"Nardi, Andrew",677053,47.9,1.9,,15.6,11.6,,,,23.0,
"Doval, Camilo",666808,,43.7,33.1,20.5,2.7,,,,,
"Garcia, Rico",670329,34.2,,,21.1,27.0,17.6,,,,
"Clarke, Taylor",664199,3.0,19.2,22.2,32.7,23.0,,,,,
"Kuhnel, Joel",669270,5.7,53.4,19.8,9.5,8.9,2.7,,,,
"Warren, Austin",681810,14.9,20.1,1.6,,0.8,13.0,,,49.6,
"Senga, Kodai",673540,37.6,4.4,22.3,1.4,,0.3,,,10.6,
"Johnson, Pierce",572955,33.5,,,,,66.5,,,,
"Megill, Trevor",656730,60.5,,,,,39.5,,,,
"King, John",667463,2.5,31.9,,23.4,19.2,9.1,,,14.0,
"Uribe, Abner",682842,,64.7,,35.3,,,,,,
"Adam, Jason",592094,24.2,,,39.1,30.3,,,,6.3,
"Hurter, Brant",676428,4.2,57.8,,,11.1,,,,26.9,
"Junis, Jakob",596001,15.8,19.4,,42.2,22.5,,,,,
"Topa, Justin",623437,,42.6,26.5,,14.2,,,,16.7,
"Sabrowski, Erik",681870,66.2,,,12.8,,20.9,,,,
"Abel, Mick",690953,42.9,3.4,,13.4,17.6,12.0,,,10.6,
"Mattson, Isaac",676755,80.7,,,9.5,9.2,0.6,,,,
"Rodriguez, Grayson",680570,52.4,,,13.8,16.9,16.9,,,,
"Henderson, Logan",701656,44.9,,19.5,4.5,31.1,,,,,
"Holderman, Colin",670059,4.8,50.6,0.3,,,8.2,,,36.1,
"Sewald, Paul",623149,61.0,,,,,,,,39.0,
"Seabold, Connor",657756,51.3,,4.3,20.3,24.1,,,,,
"Pomeranz, Drew",519141,72.7,,,,,27.3,,,,
"Scherzer, Max",453286,47.2,,1.5,22.4,14.9,14.0,,,,
"Gray, Peyton",682608,38.3,,,16.4,45.3,,,,,
"Yarbrough, Ryan",642232,21.3,10.8,27.5,,18.4,,,,21.9,
"Englert, Mason",669438,17.6,21.1,7.9,4.1,31.1,18.2,,,,
"Mears, Nick",683232,36.7,12.0,,27.3,10.6,13.5,,,,
"Hill, Tim",657612,9.1,78.6,,12.3,,,,,,
"Alvarez, Andrew",674841,22.4,12.9,,31.5,2.6,30.6,,,,
"Gil, Luis",661563,45.1,13.4,,21.1,20.5,,,,,
"Rolison, Ryan",669020,44.5,2.1,,19.6,1.8,20.2,,,11.9,
"Vodnik, Victor",680767,48.5,5.1,3.3,24.4,18.8,,,,,
"Bowlan, Jonathan",680742,42.3,15.2,,12.8,14.0,2.4,,,13.4,
"Pérez, Cionel",672335,22.1,22.7,,,,32.2,,,,23.0
"Fairbanks, Pete",664126,50.3,,29.0,18.6,2.1,,,,,
"Winn, Cole",668390,32.3,3.3,28.7,22.2,,,13.5,,,
"Duran, Jhoan",661395,27.4,,,,8.5,10.6,43.5,,10.0,
"Hicks, Jordan",663855,3.7,59.8,,,,,2.5,,34.1,
"Estrada, Jeremiah",669093,57.8,,,10.2,,,32.0,,,
"Thompson, Ryan",657044,5.0,67.8,,27.2,,,,,,
"Strahm, Matt",621381,36.9,10.6,8.1,29.7,14.7,,,,,
"Bigge, Hunter",685801,51.4,,,41.1,,2.2,5.3,,,
"Whitlock, Garrett",676477,,49.2,,33.2,17.6,,,,,
"Bido, Osvaldo",674370,29.0,20.5,,24.3,6.3,,,,19.9,
"Giolito, Lucas",608337,37.8,,,18.1,37.1,7.0,,,,
"Samaniego, Tyler",701719,26.8,40.8,7.6,,6.1,,,,18.8,
"Leasure, Jordan",673929,52.4,3.5,,41.2,,,2.9,,,
"Bird, Jake",656234,13.4,31.6,,,,14.7,,,40.3,
"Collyer, Gavin",686560,19.5,19.2,40.3,,,,,,21.1,
"Shugart, Chase",663767,11.9,28.8,28.5,,8.0,,,,22.8,
"Funderburk, Kody",681892,,34.0,30.7,11.7,5.2,,,,18.4,
"Nance, Tommy",667297,,29.9,,33.8,,36.4,,,,
"Cano, Yennier",666974,5.9,45.9,,18.6,,,29.6,,,
"Treinen, Blake",595014,9.8,37.4,7.9,,,,,,44.9,
"Povich, Cade",700249,43.1,9.2,,16.4,8.6,22.7,,,,
"Iglesias, Raisel",628452,44.9,14.9,,3.3,37.0,,,,,
"Armstrong, Shawn",542888,34.0,16.2,20.8,,,,,,29.0,
"Morgan, Eli",669212,36.8,,,29.8,33.4,,,,,
"Akin, Keegan",669211,49.3,,,24.8,25.8,,,,,
"Richards, Trevor",670950,62.6,,,6.0,31.5,,,,,
"Fermin, José",820862,12.3,21.9,,57.8,7.6,,0.3,,,
"Franco, Jose",683742,46.7,,,41.3,12.0,,,,,
"Alexander, Jason",669920,23.1,23.4,7.4,5.0,35.1,,,,6.0,
"Wolfram, Grant",664991,16.4,42.8,,9.0,,15.4,,,16.4,
"Chapman, Aroldis",547973,35.4,39.1,,16.8,,,8.8,,,
"Davis, Tyler",699823,60.3,,,34.7,,,5.1,,,
"Walker, Ryan",676254,0.7,68.8,,30.5,,,,,,
"Beeter, Clayton",690925,51.5,,,48.5,,,,,,
"Cruz, Steven",674444,57.5,,26.2,16.3,,,,,,
"Morgan, David",688158,26.3,32.1,,12.6,,29.0,,,,
"Enns, Dietrich",608650,55.0,,10.0,,20.3,5.5,,,9.3,
"Roberts, Ethan",681799,,13.1,45.7,,,,,,41.2,
"Herget, Jimmy",623474,10.1,22.6,,28.9,7.7,,,,30.7,
"Smith, Burch",572143,43.6,0.7,20.9,,9.4,25.4,,,,
"Hurt, Kyle",669165,57.2,,,7.7,35.1,,,,,
"Anderson, Shaun",641312,26.8,8.1,,24.3,28.9,,,,12.0,
"Bummer, Aaron",607481,8.5,38.5,11.7,,,23.0,,,18.4,
"Pivetta, Nick",601713,57.6,1.4,10.2,0.7,,17.7,,,12.4,
"Kelly, Zack",677161,13.8,17.0,43.8,,3.5,,,,21.9,
"Thielbar, Caleb",573204,47.0,,,21.7,,22.1,,,9.3,
"Ribalta, Orlando",687377,29.6,20.4,,37.5,12.5,,,,,
"Gaddis, Hunter",683769,26.9,,,52.3,18.3,,2.5,,,
"Speier, Gabe",642100,36.5,31.8,,31.4,0.4,,,,,
"Crow, Coleman",689441,19.2,15.9,35.5,,,21.0,,,8.3,
"Matsui, Yuki",673513,37.9,3.3,,25.0,,,26.8,,7.0,
"Wilcox, Cole",677961,24.4,20.4,,31.1,7.0,,,,17.0,
"Hoppe, Alex",695380,32.0,17.1,,49.1,1.9,,,,,
"Jump, Gage",695611,49.4,,,23.8,9.7,8.6,,,8.6,
"Brogdon, Connor",641401,48.3,,10.1,,39.0,2.6,,,,
"García, Luis",472610,1.9,46.8,,,,,31.3,,20.0,
"Jansen, Kenley",445276,,10.2,79.5,10.2,,,,,,
"Mantiply, Joe",573009,,45.8,,,26.5,27.7,,,,
"Boyle, Joe",671212,20.9,19.4,,34.2,,,15.2,,10.3,
"Melton, Troy",675512,42.0,6.9,11.8,26.0,,5.3,8.0,,,
"Madden, Ty",680744,34.4,16.0,16.8,19.1,,1.9,11.8,,,
"Castaño, Blas",680604,8.0,40.6,16.5,,10.3,,,,24.5,
"Eisert, Brandon",685126,40.4,6.5,,27.7,25.4,,,,,
"Kimbrel, Craig",518886,74.2,,,,0.4,10.0,,,15.4,
"Hart, Kyle",606996,6.2,23.2,,17.4,,,22.0,,31.3,
"Halvorsen, Seth",678020,57.9,,,31.9,,,10.2,,,
"Gasser, Robert",688107,19.5,29.9,20.3,,7.2,,,,23.1,
"Palencia, Daniel",694037,64.9,2.8,,25.1,,,7.2,,,
"Brash, Matt",666374,6.6,20.5,,59.8,13.1,,,,,
"Dotel, Wilber",696062,50.6,,17.2,19.7,12.6,,,,,
"Rodríguez, Elmer",695684,22.3,41.6,0.4,14.3,10.9,10.5,,,,
"Henry, Cole",669371,49.2,7.6,7.1,,,0.4,,,35.7,
"Thornton, Trent",663423,33.5,11.4,23.7,,,15.3,,,16.1,
"Cole, Gerrit",543037,46.2,9.8,,15.8,16.2,12.0,,,,
"Barco, Hunter",682995,35.3,25.9,,17.7,6.9,,5.2,,9.1,
"Cleavinger, Garrett",664076,14.8,29.3,,39.3,,,,,16.6,
"Pagán, Emilio",641941,59.0,,20.5,,,,20.5,,,
"Hoffmann, Andrew",694851,51.5,,,20.5,27.9,,,,,
"Rojas, Kendry",696070,41.4,11.9,,28.2,18.5,,,,,
"Alvarado, Elvis",665660,57.5,21.7,,18.1,,,2.7,,,
"Smith, Shane",681343,32.9,14.2,,11.1,18.2,23.6,,,,
"Sandlin, David",689818,33.8,9.5,14.9,,5.0,30.2,,,6.8,
"Dobbins, Hunter",690928,33.0,13.8,,18.8,,10.6,11.0,,12.8,
"Gibson, Trey",694346,13.8,27.6,20.7,19.4,,18.4,,,,
"Zerpa, Angel",672582,5.1,68.1,,20.8,6.0,,,,,
"Morales, Luis",806960,40.6,17.5,,19.3,12.3,,,,10.4,
"Kittredge, Andrew",552640,11.8,37.7,,50.5,,,,,,
"Coulombe, Danny",543056,3.8,34.0,30.6,,,9.6,,,22.0,
"Gordon, Colton",676467,36.1,13.4,,5.4,12.4,3.0,,,29.7,
"Adams, Travis",701519,27.9,6.0,24.4,14.9,26.9,,,,,
"Slaten, Justin",686580,30.0,1.5,50.5,,,2.5,,,15.5,
"Bidois, Brandan",684049,57.1,,,39.4,3.5,,,,,
"Granillo, Andre",701552,24.7,13.1,,59.6,2.5,,,,,
"Nicolas, Kyle",693312,48.5,2.0,,33.3,,16.2,,,,
"Mey, Luis",682825,1.5,58.7,,39.8,,,,,,
"Thompson, Keegan",624522,28.7,23.1,24.6,,6.7,8.2,,,8.7,
"Murray, Jayden",681151,44.3,16.0,7.2,,6.7,,1.0,,24.7,
"Antone, Tejay",622088,6.7,3.6,20.2,3.6,,16.6,,,49.2,
"Macko, Adam",671936,34.4,,,44.3,11.5,9.9,,,,
"Romano, Jordan",605447,49.0,,,46.4,,,4.7,,,
"Helsley, Ryan",664854,50.5,,,35.4,,2.6,11.5,,,
"Aldegheri, Sam",691951,39.3,,17.3,6.3,33.0,4.2,,,,
"Foster, Cameron",671382,58.2,,20.1,21.7,,,,,,
"Tong, Jonah",804636,45.5,,20.3,,27.8,6.4,,,,
"Rodriguez, Carlos",692230,26.9,,26.9,,36.8,1.1,,,8.2,
"Tidwell, Blade",694918,41.8,7.7,,6.6,2.7,0.5,,,40.7,
"Sands, Cole",663485,39.2,7.7,24.3,,,13.3,15.5,,,
"Dodd, Dylan",689266,,56.4,34.3,9.4,,,,,,
"Falter, Bailey",663559,55.6,2.2,,22.8,,9.4,10.0,,,
"Brown, Hunter",686613,33.3,30.6,,7.2,6.7,22.2,,,,
"Gibson, Cade",806188,0.6,21.7,,8.9,6.7,27.2,,,35.0,
"Roa, Christian",685005,25.3,32.0,,34.8,7.9,,,,,
"Allard, Kolby",663465,33.9,11.3,22.6,,18.6,13.6,,,,
"Javier, Cristian",664299,47.7,6.8,,,15.3,5.1,,,25.0,
"Hentges, Sam",656529,27.3,29.0,,29.5,,14.2,,,,
"Kremer, Dean",665152,22.9,11.4,5.7,4.0,,13.7,42.3,,,
"Hanifee, Brenan",669724,6.3,61.7,,21.7,10.3,,,,,
"Laweryson, Cody",689520,69.4,,17.9,,12.7,,,,,
"Rodríguez, Yariel",684320,20.9,15.1,,39.5,,,24.4,,,
"Bennett, Jake",687562,26.9,33.9,4.7,,25.1,9.4,,,,
"Sims, Lucas",608371,45.6,0.6,,24.0,,7.0,2.3,,20.5,
"Johnson, Ryan",696270,,22.9,34.1,,,,28.2,,14.7,
"Black, Mason",696131,18.8,24.7,8.2,7.6,6.5,,,,34.1,
"Vanasco, Ricky",676568,51.2,,,,25.9,22.9,,,,
"Bellozo, Valente",678368,21.2,11.2,23.5,,18.2,4.7,,,21.2,
"Peguero, Joel",666711,43.2,33.7,,23.1,,,,,,
"Martin, Chris",455119,25.4,11.8,44.4,,,,11.8,,6.5,
"Yates, Kirby",489446,61.9,,,,,,35.1,,3.0,
"Kent, Zak",687849,42.5,1.2,,42.5,,13.8,,,,
"Fernandez, Ryan",681676,42.5,,3.0,44.3,10.2,,,,,
"Martin, Trevor",694680,44.0,6.0,24.1,,,4.2,21.7,,,
"Murphy, Chris",669684,27.4,10.4,,31.7,7.3,16.5,,,6.7,
"Backhus, Kyle",679775,,57.1,,,8.7,,,,34.2,
"Manoah, Alek",666201,11.8,34.8,,14.3,39.1,,,,,
"Sandlin, Nick",680704,13.4,8.9,,54.1,,,23.6,,,
"Garcia, Brandyn",805299,,63.5,,12.8,,,,,23.7,
"Garcia, Robert",676395,44.4,,,23.5,32.0,,,,,
"Hernández, Jonathan",642546,6.6,49.7,,42.4,1.3,,,,,
"Jones, Jared",683003,39.1,,,31.1,17.2,12.6,,,,
"Payamps, Joel",606303,40.4,10.6,0.7,,2.6,,,,45.7,
"Waldichuk, Ken",686610,32.9,,18.1,,1.3,40.9,,,6.7,
"Klassen, George",691946,38.6,11.0,,14.5,24.8,11.0,,,,
"Heuer, Codi",676051,39.7,0.7,,34.8,24.8,,,,,
"Maxwell, Zach",687209,55.5,,18.2,,,,,,26.3,
"Petty, Chase",695534,13.9,27.0,,19.0,24.8,,,,15.3,
"Díaz, Edwin",621242,53.0,,,47.0,,,,,,
"Dion, Will",702021,39.4,9.1,14.4,,18.2,18.9,,,,
"Urquidy, José",664353,24.4,19.8,,,31.3,9.9,,,14.5,
"Pop, Zach",647315,,62.3,11.5,26.2,,,,,,
"Pearson, Nate",663878,44.2,3.9,,48.1,0.8,3.1,,,,
"Wicks, Jordan",696136,40.3,9.3,,15.5,28.7,6.2,,,,
"Garrett, Braxton",666129,21.7,28.7,,16.3,13.2,,,,20.2,
"Beck, Tristan",663941,34.4,,,21.6,,4.8,,,39.2,
"Anderson, Jack",681252,36.3,,,21.0,,8.1,22.6,,12.1,
"Davila, Nick",689546,15.6,19.7,,64.8,,,,,,
"Santa, Alimber",695001,27.0,,,36.9,,,,,36.1,
"Sanders, Cam",676742,47.1,4.1,,30.6,18.2,,,,,
"Kelly, Michael",547184,22.3,9.1,,26.4,0.8,,,,41.3,
"Pushard, Matt",690155,45.0,0.8,,21.7,7.5,12.5,,,12.5,
"Voth, Austin",608723,22.0,13.6,22.9,,,20.3,3.4,,17.8,
"Martin, Riley",702303,55.1,,,15.3,,29.7,,,,
"France, J.P.",641585,22.2,5.1,23.1,,15.4,28.2,,,6.0,
"Baumler, Carter",691945,33.3,6.8,,12.0,,47.9,,,,
"Acton, Garrett",670183,54.8,,,45.2,,,,,,
"Paredes, Mike",702474,46.1,,16.5,,22.6,,,,14.8,
"Shuster, Jared",694363,38.6,8.8,13.2,22.8,16.7,,,,,
"Muñoz, Roddery",682610,25.9,11.6,17.0,41.1,4.5,,,,,
"Lucchesi, Joey",664192,14.4,51.4,,,,27.0,7.2,,,
"Martin, Corbin",656686,50.5,3.6,,2.7,7.2,24.3,,,11.7,
"Fitzpatrick, Brian",702153,21.1,18.3,,18.3,33.0,,,,9.2,
"Barnett, Mason",686930,35.5,,,25.2,3.7,13.1,,,22.4,
"Curvelo, Luis",681168,13.1,33.6,,32.7,,,20.6,,,
"Guerrero, Tyron",594027,0.9,75.5,,17.9,5.7,,,,,
"Ferguson, Caleb",657571,19.0,34.0,30.0,,,,,,,17.0
"Casparius, Ben",676508,41.4,,13.1,,2.0,16.2,,,27.3,
"Edwards Jr., Carl",605218,53.5,,,,16.2,30.3,,,,
"Leibrandt, Brandon",605335,23.2,14.1,,22.2,27.3,4.0,,,9.1,
"Ekness, Josh",694795,48.0,11.2,,,,13.3,,,27.6,
"De los Santos, Yerry",660787,4.1,66.3,,5.1,24.5,,,,,
"Roycroft, Chris",688297,32.0,37.1,30.9,,,,,,,
"Little, Brendon",663893,7.5,44.1,3.2,6.5,,38.7,,,,
"Ross, Joe",605452,14.1,37.0,,19.6,,,29.3,,,
"Horton, Cade",690990,50.0,7.6,,,20.7,9.8,,,12.0,
"Morris, Kade",695034,12.2,40.0,,17.8,5.6,6.7,,,17.8,
"Gonzalez, Domingo",682445,37.8,24.4,,36.7,1.1,,,,,
"Johnson, Seth",686751,44.4,6.7,,33.3,,11.1,4.4,,,
"Barnes, Charlie",656212,43.7,18.4,,14.9,18.4,,,,4.6,
"Carrasco, Carlos",471911,12.6,26.4,14.9,14.9,31.0,,,,,
"Santos, Gregory",666619,12.8,33.7,,51.2,2.3,,,,,
"Snelling, Robby",702281,32.6,8.1,,9.3,16.3,33.7,,,,
"Cornelio, Riley",683000,60.5,,,39.5,,,,,,
"Gusto, Ryan",687473,36.5,12.9,17.6,12.9,11.8,3.5,,,4.7,
"Minter, A.J.",621345,37.6,,54.1,,8.2,,,,,
"Spence, Mitch",687765,,21.4,35.7,19.0,10.7,13.1,,,,
"Allen, Logan",671106,18.1,33.7,25.3,,3.6,,,,19.3,
"Hoffman, Nolan",676510,34.1,14.6,34.1,,3.7,,,,13.4,
"Klein, John",804619,50.0,,11.0,,28.0,7.3,,,3.7,
"Mills, Wyatt",670090,18.3,36.6,,29.3,,,,,15.9,
"Verlander, Justin",434378,42.5,,,27.5,10.0,17.5,,,2.5,
"Thornton, Zach",804267,27.5,10.0,50.0,,1.3,,,,11.3,
"Cerantola, Eric",672021,32.9,,21.5,45.6,,,,,,
"Fleming, Josh",676596,,37.7,5.2,,23.4,33.8,,,,
"Snell, Blake",605483,41.6,,,19.5,18.2,20.8,,,,
"Harvey, Hunter",640451,50.0,,,13.2,,3.9,32.9,,,
"Schweitzer, Tyler",805326,30.3,3.9,,40.8,11.8,,,,13.2,
"Gilbert, Tyler",656457,9.5,32.4,21.6,,,,1.4,,35.1,
"Eflin, Zach",621107,9.5,18.9,14.9,,25.7,21.6,,,9.5,
"Sousa, Bennett",656986,17.8,4.1,5.5,72.6,,,,,,
"Oviedo, Johan",670912,34.7,19.4,1.4,19.4,,25.0,,,,
"Abner, Philip",691769,69.4,1.4,,11.1,2.8,15.3,,,,
"Fernández, Julian",642759,59.2,,,,40.8,,,,,
"Gervase, Paul",801434,50.7,,12.7,35.2,1.4,,,,,
"Walker, Josh",677020,20.3,23.2,,56.5,,,,,,
"Dallas, Chad",689149,7.4,,35.3,,,29.4,,,27.9,
"Estrada, Lazaro",681751,57.6,,,31.8,,7.6,3.0,,,
"Paez, Jedixson",699151,35.4,13.8,16.9,,23.1,10.8,,,,
"Raquet, Nick",675919,,26.6,3.1,28.1,,,,,42.2,
"Heasley, Jonathan",669169,39.1,,,32.8,18.8,9.4,,,,
"Fulton, Dax",690978,26.6,9.4,,10.9,15.6,37.5,,,,
"Buttó, José",676130,25.4,39.7,,20.6,12.7,1.6,,,,
"Trivino, Lou",642152,3.2,41.9,30.6,,21.0,,,,3.2,
"Ramos, Wilkin",678576,21.3,60.7,3.3,,,14.8,,,,
"Kempner, William",687531,54.1,8.2,11.5,,,,,,26.2,
"Chivilli, Angel",683409,26.7,,,26.7,46.7,,,,,
"Sullivan, Brett",664954,,,,64.4,33.9,1.7,,,,
"Mautz, Brycen",802408,45.8,16.9,,15.3,,22.0,,,,
"Solesky, Chase",686678,10.3,37.9,15.5,,10.3,,,,25.9,
"Gerber, Joey",680702,63.2,,31.6,5.3,,,,,,
"Lee, Chase",695445,19.6,39.3,,,5.4,,,,35.7,
"Eder, Jake",671109,60.7,,,33.9,1.8,3.6,,,,
"Brieske, Beau",689225,52.7,16.4,,20.0,10.9,,,,,
"Wantz, Andrew",681806,38.9,24.1,20.4,,3.7,,,,13.0,
"Yoho, Craig",684974,41.5,,15.1,,41.5,,,,1.9,
"Pintaro, Jonathan",702752,3.8,17.3,61.5,,13.5,,,,3.8,
"Beck, Brendan",694341,55.8,1.9,,34.6,,5.8,1.9,,,
"Aleman, Franco",680916,76.9,,,23.1,,,,,,
"Sommers, Drew",805427,28.8,42.3,,26.9,1.9,,,,,
"McCambley, Zach",685112,28.6,,51.0,,,,,,20.4,
"Muñoz, Rolddy",691548,6.1,30.6,,57.1,6.1,,,,,
"Hollowell, Gavin",668970,53.1,10.2,,,2.0,,,,34.7,
"Shook, TJ",669298,45.8,,14.6,,18.8,,,,20.8,
"Booser, Cam",592155,55.3,,38.3,,,,,,6.4,
"Juenger, Hayden",696522,44.7,,,38.3,17.0,,,,,
"Ponce, Cody",664074,25.5,,,36.2,25.5,12.8,,,,
"Hiraldo, Yaramil",682274,27.7,,,38.3,,,34.0,,,
"Koenig, Jared",657649,4.3,65.2,19.6,,8.7,2.2,,,,
"Seymour, Carson",693313,22.2,40.0,20.0,15.6,,2.2,,,,
"Rashi, Taylor",688497,31.1,,,31.1,,17.8,17.8,,,2.2
"Jacob, Alek",689690,51.1,8.9,,,40.0,,,,,
"Herrera, Welinton",700327,62.2,,,22.2,15.6,,,,,
"Uberstine, Tyler",700413,22.2,22.2,20.0,,11.1,,,,24.4,
"Basso, Brady",669620,37.8,6.7,37.8,,6.7,11.1,,,,
"Rutledge, Jackson",671131,,27.3,45.5,,,,27.3,,,
"Rangel, Alan",660604,38.6,,,11.4,31.8,18.2,,,,
"White, Josh",687985,51.2,,,23.3,,23.3,2.3,,,
"Andrews, Tanner",681084,37.2,,,20.9,,,41.9,,,
"Ahlstrom, Robby",695239,33.3,26.2,,23.8,2.4,14.3,,,,
"Richardson, Lyon",680689,19.5,29.3,,14.6,36.6,,,,,
"VanWey, Logan",701121,53.7,2.4,4.9,,9.8,,,,29.3,
"Rivera, Eduardo",700842,68.3,,,22.0,9.8,,,,,
"Simpson, Josh",681006,2.5,50.0,,,,10.0,,,37.5,
"Nikhazy, Doug",680951,46.2,15.4,,7.7,15.4,2.6,,,12.8,
"Devenski, Chris",606965,38.5,5.1,,,46.2,,,,10.3,
"Kriske, Brooks",621139,31.6,,18.4,,,,50.0,,,
"Frazier, Adam",624428,,,,37.8,45.9,16.2,,,,
"Hader, Josh",623352,,80.0,,20.0,,,,,,
"Kahnle, Tommy",592454,29.4,,,2.9,67.6,,,,,
"Strowd, Kade",669704,6.3,3.1,71.9,,,18.8,,,,
"Smith, Dylan",681916,34.4,12.5,,,,6.3,,,46.9,
"Velasquez, Vince",592826,41.9,3.2,19.4,12.9,6.5,16.1,,,,
"Natera Jr., Samy",696519,64.5,,,29.0,,,6.5,,,
"Hamilton, Ian",641656,32.3,9.7,,58.1,,,,,,
"Blach, Ty",621389,,63.3,26.7,,10.0,,,,,
"Saucedo, Tayler",642048,10.3,13.8,,24.1,24.1,,,,27.6,
"Castro, Kervin",665645,48.3,13.8,37.9,,,,,,,
"Way, Beck",694360,28.6,25.0,39.3,,3.6,,,,3.6,
"Stewart, Brock",592779,53.6,10.7,,,10.7,,,,25.0,
"Duarte, Daniel",650960,3.6,21.4,39.3,,21.4,,,,14.3,
"Cortes, Carlos",666126,,,,25.0,75.0,,,,,
"Estévez, Carlos",608032,55.6,,,22.2,22.2,,,,,
"Molina, Anthony",683627,42.3,,,,23.1,34.6,,,,
"Cruz, Yovanny",672442,50.0,,,50.0,,,,,,
"Trevino, Jose",624431,,,,,,,,100.0,,
"Jameson, Drey",686753,19.2,11.5,,23.1,30.8,,,,15.4,
"Ferguson, Tyler",621053,38.5,15.4,3.8,,11.5,,,,30.8,
"Mederos, Victor",682989,4.0,36.0,52.0,8.0,,,,,,
"Peralta, Sammy",671111,4.3,39.1,,17.4,13.0,,,,26.1,
"McGee, Easton",668834,27.3,9.1,22.7,,,40.9,,,,
"Marte, Yunior",628708,28.6,14.3,,57.1,,,,,,
"Zuber, Tyler",676604,28.6,,,14.3,,,,,57.1,
"Wiemer, Joey",686894,,,,80.0,5.0,15.0,,,,
"Little, Luke",681432,73.7,5.3,,,,,,,21.1,
"Williamson, Ben",810938,,,,100.0,,,,,,
"Rom, Drew",680723,70.6,11.8,,,,,11.8,,5.9,
"Weston, Cameron",687721,,41.2,,11.8,,,,,35.3,
"Brooks, Aaron",605156,29.4,41.2,,23.5,5.9,,,,,
"Del Castillo, Adrian",680728,,,,56.3,,43.8,,,,
"McDermott, Chayce",694646,31.3,,62.5,6.3,,,,,,
"Espada, Jose",664744,40.0,,,53.3,,,6.7,,,
"Cannon, Jonathan",686563,57.1,,,14.3,7.1,,,,21.4,
"Arcia, Orlando",606115,,,,42.9,,57.1,,,,
"Davitt, Duncan",701474,28.6,,,42.9,14.3,,,,14.3,
"Gamboa, Alec",687941,71.4,7.1,,21.4,,,,,,
"Ríos, Yacksel",605441,38.5,38.5,,7.7,,,15.4,,,
"Vivas, Jorbit",678391,,,,16.7,,83.3,,,,
"Hedges, Austin",595978,,,,,100.0,,,,,
"Stratton, Hunter",676702,58.3,,8.3,33.3,,,,,,
"Higgins, P.J.",664731,,,,10.0,90.0,,,,,
