"last_name, first_name",player_id,year,xba,xslg,xobp,xiso,xwoba,exit_velocity_avg,avg_best_speed,avg_hyper_speed,barrel_batted_rate,hard_hit_percent,launch_angle_avg,sweet_spot_percent,k_percent,bb_percent,pull_percent,straightaway_percent,opposite_percent,whiff_percent,swing_percent,z_swing_percent,oz_swing_percent,groundballs_percent,flyballs_percent,weak_percent,topped_percent,under_percent,flare_burner_percent,solid_contact_percent,bat_speed,attack_angle,ideal_angle_rate
"Baty, Brett",683146,2026,0.238,0.374,0.306,0.136,0.301,89.2,100.130961176,94.253582868,7.3,37.2,9.1,35.8,27.9,8.7,38.0,36.5,25.5,28.3,46.2,65.9,27.2,45.3,22.6,,,,,,,9.5,45.7
"Alexander, Blaze",677942,2026,0.296,0.431,0.347,0.135,0.338,92.3,100.526021429,95.023094433,4.9,46.1,9.8,42.2,25.0,6.6,28.4,40.2,31.4,28.8,56.0,81.9,30.4,48.0,19.6,,,,,,,9.1,50.4
"Ramírez, Pedro",699393,2026,0.299,0.341,0.383,0.042,0.326,93.4,101.063493636,95.529908095,0.0,47.6,5.5,23.8,4.0,12.0,42.9,42.9,14.3,9.4,38.1,60.5,14.6,66.7,9.5,,,,,,,7.3,42.9
"Higashioka, Kyle",543309,2026,0.244,0.394,0.317,0.15,0.314,89.1,98.918504722,93.941268169,11.1,38.9,16.5,37.5,26.5,8.8,41.7,38.9,19.4,30.1,42.8,57.4,29.8,34.7,27.8,,,,,,,12.4,51.8
"Caballero, José",676609,2026,0.24,0.34,0.296,0.1,0.284,83.2,96.012915455,92.065519771,2.9,26.4,10.4,31.4,18.5,5.3,41.4,36.4,22.1,25.9,48.9,64.4,34.5,52.1,17.9,,,,,,,10.8,52.1
"Wallner, Matt",670242,2026,0.2,0.333,0.289,0.134,0.281,88.4,101.422806765,95.021781343,10.4,40.3,8.1,26.9,39.3,7.4,44.8,40.3,14.9,44.0,52.1,74.2,31.6,50.7,20.9,,,,,,,10.7,57.3
"Díaz, Yandy",650490,2026,0.299,0.485,0.378,0.186,0.374,90.9,102.51661134,95.61592232,8.8,46.4,5.9,28.6,12.8,8.5,18.9,49.0,32.1,13.8,47.2,67.2,27.2,49.5,21.4,,,,,,,2.3,34.3
"García, Adolis",666969,2026,0.222,0.361,0.299,0.139,0.295,92.0,101.586645068,95.405221027,8.9,47.3,14.9,38.4,31.5,8.1,34.2,41.8,24.0,34.0,45.1,63.5,29.3,38.4,23.3,,,,,,,9.6,58.2
"Garcia, Maikel",672580,2026,0.279,0.373,0.342,0.093,0.321,90.0,100.483996837,94.416463367,4.0,40.9,8.7,33.3,14.4,8.6,35.4,40.9,23.7,14.2,38.4,54.6,22.5,43.9,20.2,,,,,,,4.2,42.7
"Hicks, Liam",689414,2026,0.251,0.374,0.343,0.124,0.323,86.0,97.450798511,92.749849415,4.8,32.8,14.6,25.9,9.2,10.4,40.7,36.0,23.3,10.4,42.5,61.0,25.9,43.9,25.9,,,,,,,7.8,53.0
"Mullins, Cedric",656775,2026,0.182,0.301,0.268,0.12,0.258,88.2,97.393815775,92.911429859,3.3,30.5,29.2,28.1,17.7,8.4,45.1,31.4,23.5,20.1,48.9,71.6,27.5,26.8,35.3,,,,,,,12.3,63.2
"Isbel, Kyle",664728,2026,0.235,0.323,0.287,0.087,0.272,88.5,98.726978966,93.559719043,3.1,33.9,13.2,29.1,22.8,5.0,29.9,36.2,33.9,19.6,47.1,62.1,33.4,47.2,17.3,,,,,,,2.6,41.4
"Smith, Will",669257,2026,0.275,0.494,0.372,0.219,0.386,90.0,99.93862,94.176617183,13.4,39.4,19.9,43.0,16.9,11.4,30.3,41.5,28.2,16.4,41.3,61.8,21.3,28.2,38.0,,,,,,,12.2,65.0
"Benson, Will",666181,2026,0.192,0.361,0.319,0.169,0.305,91.1,100.247945926,94.397638868,13.0,38.6,24.8,31.6,33.0,14.3,42.1,29.8,28.1,36.2,43.2,67.3,21.7,31.6,45.6,,,,,,,14.2,49.1
"Kelly, Carson",608348,2026,0.252,0.379,0.329,0.127,0.315,89.0,99.380170156,93.998117087,6.3,40.2,13.1,31.5,17.1,8.6,35.4,42.5,22.0,21.7,47.7,68.7,28.7,44.9,22.0,,,,,,,10.6,47.1
"Jiménez, Leo",677870,2026,0.283,0.394,0.37,0.111,0.35,91.4,100.093375417,94.516851915,6.4,39.6,4.9,29.2,18.8,8.7,25.0,60.4,14.6,19.8,46.3,69.2,26.8,58.3,18.8,,,,,,,6.8,50.0
"Loftin, Nick",679845,2026,0.232,0.332,0.346,0.1,0.312,86.3,96.479608718,92.314652208,5.1,30.8,14.6,33.3,12.1,12.1,37.2,38.5,24.4,14.3,38.3,56.8,20.2,43.6,25.6,,,,,,,6.7,55.6
"Thomas, Alek",677950,2026,0.235,0.397,0.275,0.162,0.292,89.9,100.467646471,94.664877647,8.6,43.1,11.7,36.1,23.0,3.0,29.2,38.9,31.9,26.7,57.4,74.1,42.5,43.1,25.0,,,,,,,8.0,58.0
"McGonigle, Kevin",805808,2026,0.279,0.467,0.383,0.188,0.374,88.0,98.731703762,93.573106866,9.0,37.8,21.1,38.3,13.0,13.7,39.8,36.8,23.4,14.1,41.9,66.5,19.1,31.3,34.8,,,,,,,16.1,53.8
"Church, Nathan",701675,2026,0.247,0.404,0.283,0.158,0.297,86.1,98.155510179,93.107414732,9.6,33.0,12.0,36.5,21.2,3.8,34.8,42.6,22.6,23.4,57.7,70.9,45.8,47.8,21.7,,,,,,,7.2,40.9
"McNeil, Jeff",643446,2026,0.27,0.346,0.337,0.076,0.305,86.4,96.277839535,92.186290877,1.2,30.8,12.8,38.4,13.8,8.0,41.3,32.0,26.7,16.8,55.0,80.5,31.6,45.3,16.9,,,,,,,6.5,34.6
"DeLauter, Chase",800050,2026,0.277,0.411,0.353,0.134,0.341,90.0,100.544061753,94.411741237,6.2,40.5,14.6,36.2,12.9,10.2,38.8,33.2,28.1,16.0,41.8,65.8,19.1,38.8,19.4,,,,,,,4.1,42.7
"Tovar, Ezequiel",678662,2026,0.234,0.394,0.285,0.16,0.296,87.9,99.02596038,93.609652484,8.2,35.8,15.5,37.7,26.8,5.9,37.7,39.6,22.6,29.9,61.2,81.5,44.2,37.7,30.2,,,,,,,10.6,46.4
"Alvarez, Yordan",670541,2026,0.347,0.737,0.458,0.39,0.493,94.9,105.879464574,97.711842181,18.6,54.2,19.1,46.3,17.0,15.3,44.7,33.7,21.6,19.6,42.3,61.6,26.4,27.4,38.4,,,,,,,8.8,48.1
"Bichette, Bo",666182,2026,0.282,0.427,0.33,0.146,0.331,91.2,101.733203981,95.41269893,7.4,46.5,7.8,32.6,17.3,6.7,23.3,38.6,38.1,17.2,53.0,69.1,39.2,49.3,25.6,,,,,,,1.7,25.1
"Nuñez, Nasim",683083,2026,0.223,0.27,0.312,0.047,0.272,84.6,94.510542769,91.312017462,0.0,20.1,8.8,31.3,20.9,10.4,34.0,44.4,21.5,22.9,47.7,68.9,26.7,53.5,18.1,,,,,,,5.1,43.7
"Madrigal, Nick",663611,2026,0.276,0.339,0.383,0.063,0.332,88.2,96.788345455,92.836984286,0.0,28.6,12.1,33.3,7.4,11.1,38.1,38.1,23.8,8.6,54.2,68.9,34.8,42.9,23.8,,,,,,,5.3,49.0
"Yastrzemski, Mike",573262,2026,0.236,0.331,0.327,0.096,0.299,90.6,99.1478135,94.057775333,4.1,39.7,16.1,31.4,22.3,9.8,47.1,28.9,24.0,24.7,42.2,56.9,27.2,40.5,28.9,,,,,,,9.9,62.4
"Helman, Michael",680737,2026,0.157,0.221,0.213,0.065,0.202,82.4,91.756831,90.004963158,0.0,8.7,21.1,30.4,19.4,3.2,39.1,34.8,26.1,21.7,59.4,74.5,46.3,39.1,34.8,,,,,,,12.0,58.3
"Alvarez, Francisco",682626,2026,0.249,0.464,0.325,0.215,0.343,90.3,101.83303,95.197465412,16.5,42.4,8.8,29.4,21.9,8.6,45.9,40.0,14.1,28.5,45.4,62.6,30.7,49.4,24.7,,,,,,,9.7,62.1
"Vázquez, Christian",543877,2026,0.203,0.278,0.265,0.074,0.243,85.9,95.370972642,91.739731238,1.8,22.9,14.4,31.2,16.7,7.6,34.9,37.6,27.5,19.3,46.5,60.1,34.8,45.0,25.7,,,,,,,9.4,60.7
"Wetherholt, JJ",802139,2026,0.251,0.444,0.366,0.193,0.357,90.8,99.953471868,94.522958846,7.7,48.4,16.0,35.9,17.0,11.4,42.9,35.3,21.7,22.5,44.0,66.1,22.5,38.6,32.1,,,,,,,12.6,64.1
"Hinds, Rece",677956,2026,0.136,0.163,0.183,0.027,0.161,87.1,98.326555714,93.163277857,0.0,25.0,26.1,25.0,50.0,2.8,37.5,25.0,37.5,43.9,55.4,76.8,42.4,37.5,25.0,,,,,,,10.2,38.9
"Olson, Matt",621566,2026,0.263,0.533,0.337,0.271,0.371,93.7,104.628938144,97.18913057,14.0,53.1,18.7,33.0,23.1,9.7,34.0,39.7,26.3,24.8,46.1,65.4,27.7,34.5,34.0,,,,,,,10.0,52.5
"Walls, Taylor",670764,2026,0.17,0.219,0.279,0.048,0.238,82.6,93.246207391,90.680439457,2.0,15.7,20.0,27.5,25.9,11.4,34.3,32.4,33.3,22.5,43.5,62.4,25.3,43.1,27.5,,,,,,,13.0,54.3
"Mateo, Jorge",622761,2026,0.289,0.491,0.336,0.202,0.357,89.9,102.920713103,95.594852069,11.9,47.5,11.1,45.8,28.6,6.6,44.1,40.7,15.3,29.1,53.8,70.0,39.7,44.1,30.5,,,,,,,7.0,42.6
"Walton, Donovan",622268,2026,0.249,0.391,0.281,0.143,0.292,86.5,97.949197222,93.348233714,8.3,36.1,11.8,38.9,19.1,4.3,44.4,33.3,22.2,27.8,53.6,70.2,35.6,47.2,27.8,,,,,,,13.2,54.7
"Butler, Lawrence",671732,2026,0.241,0.345,0.324,0.104,0.3,89.4,102.291066852,95.408497009,5.6,44.5,5.1,30.9,26.3,10.9,36.4,35.5,28.2,29.6,46.6,69.7,24.7,51.8,18.2,,,,,,,5.8,37.5
"Larnach, Trevor",663616,2026,0.239,0.35,0.351,0.11,0.318,86.3,96.987715323,92.512567581,5.6,29.0,12.1,37.1,20.0,13.7,39.5,38.7,21.8,27.3,41.5,55.5,29.3,39.5,24.2,,,,,,,8.4,44.9
"Rivero, Sebastián",665861,2026,0.249,0.291,0.291,0.043,0.263,81.1,91.9274525,90.584517692,0.0,12.5,19.8,25.0,20.4,5.6,35.0,42.5,22.5,25.4,58.8,74.0,45.3,42.5,22.5,,,,,,,7.9,46.5
"Gilbert, Drew",687551,2026,0.221,0.313,0.272,0.092,0.258,84.6,96.647613061,92.547601134,3.0,31.4,16.3,29.4,21.3,5.7,40.2,33.3,26.5,25.5,45.4,62.2,29.2,46.1,18.6,,,,,,,2.1,35.0
"Bailey, Patrick",672275,2026,0.219,0.367,0.27,0.149,0.278,89.8,98.623907391,93.598115055,6.5,37.6,12.2,28.0,24.4,6.7,31.2,43.0,25.8,26.3,49.7,69.7,30.8,46.2,25.8,,,,,,,5.6,34.5
"Arias, Gabriel",672356,2026,0.209,0.414,0.26,0.205,0.293,94.6,103.781052222,97.075641765,16.7,50.0,4.9,22.2,37.5,6.3,50.0,22.2,27.8,40.4,44.5,61.7,29.4,61.1,16.7,,,,,,,11.6,53.1
"Tromp, Chadwick",644433,2026,0.173,0.243,0.172,0.07,0.178,88.4,97.471054444,92.980487222,0.0,30.0,13.2,35.0,25.9,0.0,20.0,45.0,35.0,25.9,56.9,64.6,50.0,45.0,25.0,,,,,,,12.2,50.0
"Valera, George",671655,2026,0.193,0.232,0.215,0.039,0.198,90.2,98.353314,93.687662414,0.0,34.5,9.6,20.7,21.1,2.6,51.7,27.6,20.7,22.1,57.1,72.6,40.4,51.7,6.9,,,,,,,5.9,48.3
"Benintendi, Andrew",643217,2026,0.25,0.435,0.31,0.184,0.324,88.9,99.171623077,94.000280078,10.7,47.0,17.8,39.4,28.0,8.2,53.8,34.8,11.4,29.3,52.4,74.0,32.6,34.1,32.6,,,,,,,17.7,49.2
"Herrera, Iván",671056,2026,0.265,0.412,0.39,0.147,0.357,89.5,100.707957021,94.606375561,6.9,41.1,5.6,31.1,16.8,12.2,38.9,38.9,22.1,20.1,43.8,61.9,28.4,53.2,18.9,,,,,,,7.3,45.0
"Yelich, Christian",592885,2026,0.223,0.376,0.303,0.152,0.296,88.4,99.870466136,94.061502273,6.7,36.0,2.6,29.2,28.8,9.6,36.0,37.1,27.0,33.6,45.0,65.8,23.5,58.4,18.0,,,,,,,11.3,44.8
"Rooker, Brent",667670,2026,0.212,0.447,0.293,0.234,0.32,89.8,101.938254386,95.11429114,15.8,42.6,19.4,33.9,31.5,9.1,39.1,35.7,25.2,38.1,49.7,70.9,31.2,34.8,40.0,,,,,,,13.6,45.8
"Wynns, Austin",642851,2026,0.207,0.337,0.259,0.13,0.265,85.5,96.596043125,92.347340938,6.1,24.2,19.4,27.3,23.4,6.4,36.4,33.3,30.3,26.4,55.2,68.7,41.5,39.4,30.3,,,,,,,13.6,50.0
"Thomas, Colby",687515,2026,0.238,0.497,0.284,0.259,0.333,91.3,101.442800588,95.000764706,11.4,40.0,18.4,31.4,25.5,5.9,34.3,51.4,14.3,32.4,57.8,77.5,43.0,34.3,37.1,,,,,,,9.7,47.9
"Smith, Josh",669701,2026,0.225,0.33,0.332,0.106,0.3,87.9,98.589625833,93.612446901,5.5,35.6,17.8,35.6,18.5,13.0,34.2,30.1,35.6,22.5,47.8,66.5,30.7,34.2,34.2,,,,,,,11.6,51.4
"Mayo, Coby",691723,2026,0.218,0.383,0.284,0.165,0.294,91.7,104.111479444,96.678781402,10.3,48.6,19.5,27.1,31.5,7.3,52.3,32.7,15.0,29.7,46.0,63.2,29.7,37.4,33.6,,,,,,,14.1,53.3
"Hoerner, Nico",663538,2026,0.295,0.378,0.374,0.083,0.337,85.9,95.889955667,91.961736151,1.3,27.7,13.0,38.4,6.8,10.1,30.6,44.6,24.8,10.3,42.6,56.0,30.4,40.5,21.9,,,,,,,5.8,49.0
"Peters, Tristan",671976,2026,0.25,0.357,0.314,0.107,0.299,86.5,97.404176949,92.76032661,4.5,26.1,14.2,32.8,18.1,7.1,48.5,32.8,18.7,23.0,55.8,76.9,33.9,48.5,20.9,,,,,,,12.6,58.7
"Gray, Tristan",656484,2026,0.258,0.4,0.309,0.142,0.313,89.9,100.995205,94.852168933,7.8,42.3,15.2,44.9,28.9,5.8,39.7,38.5,21.8,35.1,56.1,75.6,38.6,29.5,23.1,,,,,,,7.6,37.8
"Mauricio, Ronny",677595,2026,0.197,0.33,0.197,0.133,0.224,89.7,101.202671,94.6595735,10.0,35.0,4.9,30.0,37.5,0.0,30.0,50.0,20.0,29.5,63.9,77.4,53.6,50.0,15.0,,,,,,,10.0,57.1
"Murray, Tanner",695020,2026,0.191,0.39,0.265,0.2,0.275,90.7,100.076803636,94.571662381,8.7,43.5,25.6,26.1,21.2,6.1,39.1,34.8,26.1,32.0,48.5,68.1,32.1,47.8,30.4,,,,,,,11.9,64.3
"Bellinger, Cody",641355,2026,0.29,0.464,0.391,0.175,0.377,89.6,98.901844286,93.755102359,8.7,39.6,19.8,41.1,12.9,14.4,42.6,36.5,20.8,17.6,43.5,63.9,24.7,33.5,34.0,,,,,,,14.4,62.4
"Black, Tyler",672012,2026,0.17,0.229,0.199,0.06,0.191,83.6,94.187515,91.1716985,0.0,15.0,12.6,25.0,25.0,3.6,30.0,45.0,25.0,23.1,53.6,76.6,32.0,45.0,35.0,,,,,,,4.8,43.5
"Morel, Christopher",666624,2026,0.185,0.237,0.244,0.052,0.221,88.7,100.551553158,94.64376973,2.7,43.2,22.2,35.1,39.1,5.8,51.4,37.8,10.8,35.9,51.8,67.7,35.8,35.1,24.3,,,,,,,12.2,74.3
"Rodríguez, Julio",677594,2026,0.262,0.463,0.32,0.201,0.338,90.3,102.80619767,95.717420583,9.2,43.7,13.0,30.6,21.3,7.2,37.9,39.8,22.3,27.4,53.2,70.8,39.1,42.7,25.7,,,,,,,8.5,49.7
"Heineman, Tyler",623168,2026,0.197,0.248,0.247,0.051,0.227,82.7,92.582454286,90.461793929,1.7,14.8,12.5,23.0,22.4,2.4,52.5,31.1,16.4,20.1,56.5,68.8,44.2,52.5,23.0,,,,,,,7.8,51.0
"Williams, Carson",700246,2026,0.162,0.215,0.214,0.052,0.198,85.0,96.449464,92.624617895,0.0,25.0,21.1,25.0,33.3,6.1,30.0,35.0,35.0,28.1,54.2,73.3,34.5,40.0,30.0,,,,,,,12.5,59.6
"Cronenworth, Jake",630105,2026,0.218,0.325,0.335,0.107,0.304,87.4,98.140737778,93.094018611,5.5,32.4,7.1,28.4,20.2,12.3,32.4,45.9,21.6,23.3,44.2,64.9,25.5,55.4,17.6,,,,,,,8.1,34.6
"Beck, Jordan",687597,2026,0.224,0.319,0.267,0.095,0.26,85.3,96.342657333,92.250080508,3.3,26.2,14.2,29.5,25.0,5.7,39.3,32.8,27.9,29.3,54.3,70.9,41.0,42.6,27.9,,,,,,,13.1,51.6
"Joe, Connor",656582,2026,0.281,0.435,0.391,0.155,0.369,92.1,100.621557273,95.001525,9.1,45.5,17.5,40.9,28.2,15.4,45.5,27.3,27.3,23.0,40.9,59.1,23.7,31.8,36.4,,,,,,,5.4,44.6
"Rojas, Miguel",500743,2026,0.273,0.359,0.331,0.086,0.307,86.5,98.311309286,93.182448095,4.5,34.1,13.3,31.8,11.8,6.4,33.0,40.9,26.1,18.0,47.8,66.1,33.0,50.0,17.0,,,,,,,7.7,48.7
"Trammell, Taylor",666211,2026,0.208,0.304,0.276,0.096,0.262,89.2,99.746698,94.023947692,4.9,31.7,7.8,26.8,33.8,7.0,56.1,19.5,24.4,40.0,46.6,64.0,28.8,53.7,26.8,,,,,,,10.0,51.8
"Andujar, Miguel",609280,2026,0.256,0.372,0.287,0.116,0.286,88.0,99.688777692,93.940769742,4.5,36.8,6.7,27.7,16.8,3.1,41.9,38.7,19.4,19.3,54.8,69.6,41.1,51.6,18.7,,,,,,,7.2,59.2
"Young, Jacob",696285,2026,0.26,0.395,0.312,0.134,0.31,88.9,98.777996049,93.547898758,6.1,35.8,11.8,37.0,17.8,5.0,35.8,36.4,27.9,20.1,42.9,58.4,26.1,39.4,26.1,,,,,,,10.9,62.8
"Heim, Jonah",641680,2026,0.221,0.369,0.283,0.148,0.286,85.6,96.184062813,92.170831429,6.3,25.4,14.4,31.7,17.6,8.2,42.9,25.4,31.7,20.7,45.3,58.7,33.7,39.7,28.6,,,,,,,8.6,56.5
"Dubón, Mauricio",643289,2026,0.262,0.39,0.319,0.129,0.313,87.0,96.757069785,92.382692204,5.9,28.9,16.6,39.6,16.3,6.9,29.4,42.2,28.3,18.1,51.3,68.6,36.4,36.4,27.3,,,,,,,4.2,36.9
"García Jr., Luis",671277,2026,0.289,0.442,0.316,0.153,0.328,92.1,102.189380238,95.620731557,7.2,47.1,11.0,31.2,14.4,3.8,39.4,38.2,22.4,18.3,55.8,71.3,42.3,47.1,18.2,,,,,,,10.1,64.6
"Triolo, Jared",669707,2026,0.244,0.301,0.308,0.056,0.277,86.8,98.055120571,93.157082029,1.4,34.2,6.2,30.1,24.5,7.3,30.1,43.8,26.0,24.3,42.4,59.5,23.9,52.1,19.2,,,,,,,8.0,44.2
"Kim, Ha-Seong",673490,2026,0.172,0.222,0.247,0.051,0.219,85.0,94.519155556,91.503874857,2.8,23.7,12.6,18.4,24.6,8.8,44.7,36.8,18.4,19.0,45.3,61.5,27.3,52.6,31.6,,,,,,,5.9,55.3
"Short, Zack",670097,2026,0.188,0.336,0.332,0.148,0.306,90.8,97.066926667,92.88596913,8.0,28.0,27.5,28.0,23.3,16.3,40.0,40.0,20.0,29.8,46.8,69.6,27.5,20.0,44.0,,,,,,,13.6,63.9
"Arcia, Orlando",606115,2026,0.254,0.344,0.29,0.09,0.28,87.9,96.607080588,92.517575,2.9,29.4,7.5,35.3,14.3,4.8,32.4,38.2,29.4,21.1,50.0,68.1,32.9,50.0,23.5,,,,,,,6.6,54.8
"Ibáñez, Andy",628451,2026,0.152,0.205,0.174,0.053,0.164,86.3,94.855231818,91.427615909,0.0,18.2,13.6,22.7,11.5,3.8,54.5,31.8,13.6,19.2,65.8,77.3,51.4,36.4,50.0,,,,,,,10.3,54.3
"Pereda, Jhonny",640902,2026,0.335,0.465,0.398,0.13,0.38,90.6,100.429606667,94.861754878,4.9,48.8,13.1,48.8,13.2,7.5,31.7,39.0,29.3,17.3,47.8,71.0,22.4,29.3,19.5,,,,,,,8.5,51.2
"Wiemer, Joey",686894,2026,0.217,0.349,0.341,0.131,0.315,88.8,100.456284,94.588400513,10.0,39.0,2.2,29.3,34.9,14.5,36.6,31.7,31.7,31.9,40.3,57.7,26.3,53.7,17.1,,,,,,,5.4,42.2
"Muncy, Max",571970,2026,0.266,0.537,0.354,0.271,0.381,90.8,102.300018451,95.507303759,17.0,48.2,12.8,33.3,25.3,11.6,53.2,31.2,15.6,27.8,44.5,63.7,25.4,43.3,31.9,,,,,,,16.1,52.4
"Mangum, Jake",663968,2026,0.257,0.323,0.32,0.066,0.286,84.3,95.431856222,91.759939888,1.0,25.8,2.9,25.8,18.2,6.8,33.0,26.8,40.2,19.2,59.9,72.6,49.0,64.9,12.4,,,,,,,2.7,30.9
"Nishida, Rikuu",807747,2026,0.258,0.306,0.258,0.048,0.247,87.9,94.065359167,91.185872174,0.0,12.0,3.1,36.0,16.7,0.0,16.0,56.0,28.0,15.2,47.4,60.0,31.0,64.0,8.0,,,,,,,5.6,34.3
"Fraley, Jake",641584,2026,0.203,0.346,0.275,0.143,0.277,84.1,95.270387857,91.643863036,8.9,21.4,23.0,43.9,27.8,8.9,45.6,28.1,26.3,21.8,44.9,66.5,21.9,29.8,26.3,,,,,,,10.1,47.2
"Massey, Michael",686681,2026,0.218,0.404,0.245,0.186,0.281,91.1,99.272527143,94.182928559,8.8,43.9,18.8,29.8,18.5,3.4,43.9,39.5,16.7,22.0,52.1,65.2,38.8,33.3,43.0,,,,,,,15.2,59.1
"Piñango, Yohendrick",682818,2026,0.285,0.434,0.318,0.149,0.326,91.4,101.8399785,95.272164177,7.6,43.0,10.1,36.7,22.2,4.6,30.4,44.3,25.3,25.6,50.6,67.1,33.7,39.2,21.5,,,,,,,0.5,26.6
"Bauers, Jake",641343,2026,0.267,0.485,0.363,0.218,0.365,92.4,103.707532254,96.995128239,13.4,54.5,8.6,30.8,22.2,12.2,41.3,32.9,25.9,24.9,41.8,65.2,18.9,47.6,27.3,,,,,,,10.6,49.1
"Marchán, Rafael",665561,2026,0.174,0.243,0.209,0.069,0.202,85.3,94.368361429,91.246780364,3.6,21.8,24.5,29.1,18.3,1.4,43.6,34.5,21.8,16.7,48.4,63.4,31.3,32.7,27.3,,,,,,,13.0,58.1
"Hedges, Austin",595978,2026,0.238,0.285,0.316,0.047,0.276,86.4,97.504602059,92.825724627,0.0,31.9,5.5,26.1,18.6,10.3,49.3,34.8,15.9,24.4,44.6,66.9,24.6,55.1,13.0,,,,,,,9.2,62.7
"Sheets, Gavin",657757,2026,0.243,0.427,0.336,0.184,0.336,89.4,100.139612687,94.406329398,9.0,45.1,15.9,37.6,22.5,11.3,39.8,32.3,27.8,21.7,42.8,55.2,31.9,40.6,24.8,,,,,,,8.2,49.5
"Sogard, Nick",686765,2026,0.257,0.304,0.35,0.047,0.302,81.6,92.160866429,90.557517407,0.0,16.7,8.6,33.3,14.6,12.2,46.7,36.7,16.7,18.3,38.2,56.2,22.6,53.3,13.3,,,,,,,14.4,48.9
"Mesa Jr., Victor",683748,2026,0.266,0.413,0.343,0.148,0.335,85.4,97.898256667,93.318452174,8.3,33.3,18.7,41.7,28.2,10.3,33.3,45.8,20.8,26.6,52.7,75.0,36.0,37.5,20.8,,,,,,,11.0,65.7
"Reynolds, Bryan",668804,2026,0.255,0.425,0.387,0.17,0.363,90.5,101.830018851,95.061493506,8.6,43.1,5.4,33.3,21.1,16.2,42.0,31.6,26.4,27.5,43.6,67.7,22.6,52.3,23.0,,,,,,,10.7,44.5
"Frelick, Sal",686217,2026,0.24,0.319,0.313,0.079,0.283,85.9,96.824580114,92.4497616,2.3,27.7,8.2,27.1,10.1,9.3,43.5,36.2,20.3,10.5,41.9,60.4,22.5,54.2,17.5,,,,,,,5.8,48.7
"Antonacci, Sam",803011,2026,0.308,0.433,0.406,0.125,0.375,87.8,98.036693433,93.098139248,6.7,36.0,11.1,40.4,14.7,6.3,27.2,44.1,28.7,16.4,40.6,60.1,21.9,50.0,19.1,,,,,,,8.8,48.5
"Tucker, Kyle",663656,2026,0.252,0.381,0.348,0.129,0.327,88.9,98.584207333,93.625928556,5.6,38.9,16.1,36.1,19.2,12.5,44.4,33.3,22.2,23.6,49.3,73.8,25.1,36.1,30.0,,,,,,,10.7,44.9
"McCarthy, Jake",664983,2026,0.257,0.394,0.305,0.137,0.308,84.6,95.982614923,92.022103,5.8,24.5,14.2,36.7,19.7,5.9,37.4,40.3,22.3,22.7,53.4,74.9,33.7,44.6,23.0,,,,,,,10.0,50.0
"Hayes, Ke'Bryan",663647,2026,0.259,0.409,0.307,0.15,0.312,90.5,99.572857083,94.035857789,9.4,39.0,15.8,39.0,15.6,6.3,28.0,42.0,30.0,19.2,43.3,58.0,29.3,36.0,28.0,,,,,,,5.3,50.0
"Stephenson, Tyler",663886,2026,0.227,0.425,0.322,0.198,0.328,90.3,99.779703455,94.291139727,11.8,42.5,22.3,40.7,25.8,12.1,32.7,38.1,29.2,25.6,44.6,66.4,21.5,29.2,35.4,,,,,,,12.4,57.7
"Conine, Griffin",665052,2026,0.376,0.773,0.451,0.396,0.512,90.1,106.653525,98.354698125,25.0,62.5,6.4,56.3,24.0,8.0,37.5,56.3,6.3,40.9,48.9,62.5,38.0,50.0,25.0,,,,,,,14.9,47.5
"Rosario, Amed",642708,2026,0.254,0.479,0.302,0.224,0.335,90.4,101.366958718,94.822909351,11.7,39.0,13.0,35.1,20.8,6.6,36.4,41.6,22.1,26.5,57.0,74.6,41.5,40.3,27.3,,,,,,,7.0,55.5
"Beavers, Dylan",687637,2026,0.236,0.365,0.325,0.13,0.308,87.4,99.306662105,93.790126053,5.2,39.0,15.5,33.8,23.5,11.8,39.0,33.8,27.3,23.4,44.5,65.3,23.9,45.5,23.4,,,,,,,7.4,44.1
"Domínguez, Jasson",691176,2026,0.326,0.384,0.368,0.058,0.335,91.9,101.356973846,95.408727692,0.0,42.3,11.4,26.9,12.5,3.1,42.3,34.6,23.1,25.8,55.9,79.6,33.3,50.0,19.2,,,,,,,5.4,44.4
"Wood, James",695578,2026,0.276,0.621,0.415,0.344,0.433,96.0,106.689598462,98.814171474,25.5,58.6,10.9,43.9,29.9,17.9,28.0,35.7,36.3,32.2,37.9,56.3,23.0,38.2,31.8,,,,,,,11.8,45.2
"Turang, Brice",668930,2026,0.263,0.462,0.389,0.198,0.372,91.3,101.271929873,95.542866115,8.2,48.1,8.2,38.1,24.0,17.0,24.4,40.0,35.6,20.7,40.8,61.5,21.1,46.9,23.8,,,,,,,8.1,49.9
"Bazzana, Travis",683953,2026,0.26,0.382,0.348,0.121,0.323,88.9,98.440171765,93.431740588,3.8,36.5,11.8,32.1,18.4,10.5,40.6,37.7,21.7,24.9,44.6,66.3,23.1,42.5,29.2,,,,,,,10.0,50.7
"Young, Jared",676724,2026,0.284,0.514,0.378,0.23,0.398,91.9,104.296587,96.854615897,17.5,52.5,2.7,35.0,25.0,10.9,55.0,40.0,5.0,29.0,45.8,71.3,26.9,57.5,20.0,,,,,,,8.1,60.9
"Harper, Bryce",547180,2026,0.29,0.569,0.394,0.278,0.413,89.8,101.764597667,95.060157389,13.9,43.9,12.5,37.2,18.6,14.5,37.2,42.8,20.0,29.1,51.3,74.1,34.6,42.8,26.1,,,,,,,13.3,49.3
"Rivas, Leo",660844,2026,0.15,0.214,0.278,0.064,0.239,86.2,93.3990375,90.711912031,1.5,13.6,20.2,30.3,30.0,12.5,43.9,36.4,19.7,24.1,36.5,55.0,17.7,37.9,31.8,,,,,,,16.1,53.0
"Halpin, Petey",690984,2026,0.228,0.365,0.253,0.137,0.268,88.5,98.198833636,93.443339524,9.1,31.8,24.6,40.9,25.8,3.2,27.3,36.4,36.4,30.8,52.8,75.4,30.6,27.3,50.0,,,,,,,9.0,48.2
"Stowers, Kyle",669065,2026,0.228,0.382,0.305,0.154,0.302,90.4,101.766872593,95.419635981,7.4,49.1,15.0,32.4,29.6,8.9,46.3,34.3,19.4,35.4,54.0,75.6,36.0,42.6,26.9,,,,,,,14.3,54.2
"Troy, Tommy",694371,2026,0.259,0.439,0.356,0.18,0.351,87.0,98.663120625,93.547996563,9.1,30.3,12.9,21.2,15.2,13.0,30.3,39.4,30.3,26.3,42.8,66.7,19.1,51.5,30.3,,,,,,,12.4,50.7
"Rodriguez, Jesus",683679,2026,0.275,0.372,0.342,0.098,0.32,87.4,96.141274706,92.19399,2.9,29.4,6.4,38.2,11.6,7.0,38.2,41.2,20.6,19.2,50.7,69.4,31.9,55.9,23.5,,,,,,,6.4,49.2
"Kayfus, CJ",692216,2026,0.169,0.427,0.269,0.258,0.305,92.8,101.151187143,94.712108571,21.4,50.0,24.1,14.3,32.0,8.0,21.4,71.4,7.1,37.9,53.7,76.0,34.5,28.6,50.0,,,,,,,13.4,38.0
"McCutchen, Andrew",457705,2026,0.164,0.265,0.253,0.101,0.237,87.1,97.078163462,92.559219808,5.8,28.8,22.7,28.8,26.5,10.8,32.7,50.0,17.3,32.5,44.9,68.9,20.5,36.5,36.5,,,,,,,13.8,53.9
"Basallo, Samuel",694212,2026,0.272,0.488,0.337,0.217,0.354,92.3,104.181829531,96.653258583,11.8,47.7,13.4,35.2,25.5,9.2,40.6,37.5,21.9,31.5,51.6,68.1,39.3,39.8,25.8,,,,,,,11.3,55.1
"Anthony, Roman",701350,2026,0.262,0.41,0.382,0.148,0.353,92.3,102.118792368,95.842276267,9.3,47.4,8.3,40.8,25.4,15.4,38.2,40.8,21.1,28.1,37.2,53.4,21.6,48.7,22.4,,,,,,,11.6,46.6
"Perdomo, Geraldo",672695,2026,0.263,0.343,0.365,0.081,0.327,87.2,96.69534663,92.394384022,3.1,31.1,12.1,35.2,12.0,12.8,45.6,36.3,18.1,11.1,40.2,57.1,22.4,47.2,21.8,,,,,,,9.1,55.4
"Cowser, Colton",681297,2026,0.213,0.428,0.297,0.216,0.315,85.7,99.180888837,93.613076395,12.5,30.7,8.5,30.7,28.8,11.0,36.4,39.8,23.9,32.3,44.7,62.7,28.9,47.7,29.5,,,,,,,16.1,39.3
"Lockridge, Brandon",663604,2026,0.234,0.284,0.315,0.051,0.277,86.2,98.890063214,93.586164909,1.7,32.8,1.2,19.7,26.0,10.4,27.9,45.9,26.2,27.6,43.8,58.0,29.8,70.5,11.5,,,,,,,4.5,46.5
"Gurriel Jr., Lourdes",666971,2026,0.232,0.326,0.299,0.094,0.29,87.5,97.856393684,93.083736667,6.7,36.0,11.9,32.0,18.6,7.8,40.0,38.7,21.3,27.5,52.6,68.5,40.5,44.0,25.3,,,,,,,10.9,50.0
"Langford, Wyatt",694671,2026,0.245,0.378,0.285,0.133,0.29,90.4,100.347154706,94.704433529,7.4,38.2,14.5,27.9,23.2,5.3,32.4,35.3,32.4,26.0,47.2,66.1,28.6,42.6,26.5,,,,,,,9.6,47.2
"Kwan, Steven",680757,2026,0.24,0.301,0.349,0.061,0.299,82.8,91.488719891,89.836775,0.5,8.9,15.2,37.8,10.2,13.3,31.1,37.3,31.6,7.6,35.4,50.2,21.7,40.9,24.4,,,,,,,3.6,36.1
"Campusano, Luis",669134,2026,0.251,0.449,0.328,0.198,0.34,86.5,100.993374737,94.94082027,10.8,48.6,11.9,37.8,25.9,8.6,43.2,45.9,10.8,29.5,50.5,68.0,35.3,37.8,24.3,,,,,,,12.2,67.4
"Correa, Carlos",621043,2026,0.289,0.459,0.378,0.17,0.364,89.2,101.668709184,94.924922887,10.3,41.2,7.2,36.1,18.4,12.8,40.2,29.9,29.9,22.9,45.0,61.2,32.0,47.4,16.5,,,,,,,7.2,40.1
"Rengifo, Luis",650859,2026,0.252,0.344,0.323,0.091,0.298,87.5,97.830048961,93.027595294,5.1,34.4,3.9,28.0,10.3,8.7,36.9,36.3,26.8,18.9,49.9,71.9,30.5,53.5,16.6,,,,,,,6.9,42.1
"Seager, Corey",608369,2026,0.231,0.456,0.326,0.226,0.336,91.0,101.763774138,95.328786783,15.7,44.3,13.1,35.7,26.8,11.6,45.2,30.4,24.3,35.1,50.9,81.1,29.1,42.6,30.4,,,,,,,15.3,60.6
"Bregman, Alex",608324,2026,0.248,0.373,0.331,0.126,0.312,88.3,98.440713491,93.375521651,5.2,39.0,14.8,31.9,17.2,9.8,47.4,36.2,16.4,18.2,40.8,57.3,23.1,40.4,23.0,,,,,,,15.0,64.4
"Wilson, Jacob",805779,2026,0.267,0.339,0.287,0.072,0.275,84.3,96.230541857,92.122782714,2.1,30.1,7.3,32.2,11.9,3.0,32.2,41.3,26.6,15.6,57.5,72.1,43.2,51.0,21.0,,,,,,,4.5,39.6
"Yoshida, Masataka",807799,2026,0.242,0.338,0.338,0.096,0.308,88.8,99.535820185,94.040413704,1.9,41.7,8.9,27.8,11.3,10.6,38.9,39.8,21.3,14.5,40.3,54.1,27.6,50.0,25.9,,,,,,,8.4,51.4
"Trevino, Jose",624431,2026,0.19,0.246,0.217,0.057,0.207,84.7,94.615418333,91.455717826,0.0,26.9,10.8,23.1,15.6,3.1,23.1,50.0,26.9,23.5,56.0,70.6,37.5,69.2,19.2,,,,,,,10.4,80.0
"Shaw, Matt",807713,2026,0.253,0.384,0.302,0.13,0.299,86.4,97.066849744,92.600925584,5.1,35.4,15.5,38.0,17.3,5.8,30.4,35.4,34.2,19.2,49.5,63.5,36.8,39.2,21.5,,,,,,,10.4,66.1
"Crow-Armstrong, Pete",691718,2026,0.257,0.484,0.34,0.227,0.358,91.9,102.660439882,96.185507235,11.9,50.6,19.8,32.4,25.3,8.3,47.2,31.8,21.0,28.0,52.7,68.6,39.0,38.6,32.4,,,,,,,15.3,49.3
"Giménez, Andrés",665926,2026,0.223,0.311,0.271,0.088,0.262,85.9,95.468181548,91.765786108,3.5,24.6,10.2,26.9,18.6,3.5,38.6,33.3,28.1,24.5,56.4,72.0,42.2,52.6,21.1,,,,,,,9.0,46.5
"Hill, Derek",656537,2026,0.223,0.373,0.299,0.15,0.299,89.5,98.61765381,93.420625,10.2,34.0,15.7,34.0,31.8,8.2,38.0,36.0,26.0,33.9,51.8,73.8,34.6,52.0,24.0,,,,,,,16.9,44.6
"Henderson, Gunnar",683002,2026,0.235,0.399,0.291,0.164,0.303,89.1,100.4306576,94.592059698,9.0,45.2,11.9,30.7,25.8,6.4,43.7,36.7,19.6,24.6,49.6,66.1,34.5,44.2,26.6,,,,,,,11.8,51.1
"Bader, Harrison",664056,2026,0.215,0.367,0.248,0.152,0.272,89.2,99.221853514,93.717596301,8.2,41.1,12.3,32.9,30.6,3.6,46.6,28.8,24.7,32.0,53.4,69.1,38.7,47.9,21.9,,,,,,,12.4,49.5
"Shewmake, Braden",669699,2026,0.236,0.388,0.257,0.152,0.282,89.5,97.85631129,93.166081148,6.3,35.9,13.7,25.0,16.5,2.5,32.8,39.1,28.1,22.4,62.4,71.2,54.1,46.9,29.7,,,,,,,11.1,69.5
"Ramírez, José",608070,2026,0.286,0.46,0.386,0.174,0.366,90.5,100.853105238,94.793931667,7.1,45.2,20.0,36.5,13.7,14.0,47.9,35.5,16.6,16.6,46.4,67.2,29.2,29.9,31.3,,,,,,,10.0,60.4
"Chapman, Matt",656305,2026,0.213,0.314,0.302,0.101,0.281,87.7,99.700895824,93.923538343,5.5,35.3,10.9,23.9,21.6,9.9,37.5,34.8,27.7,22.8,44.1,62.3,26.2,46.7,19.0,,,,,,,2.9,39.0
"Emerson, Colt",806068,2026,0.159,0.257,0.244,0.099,0.232,88.0,97.440098,92.720049,4.9,31.7,18.3,36.6,30.4,7.2,43.9,19.5,36.6,31.8,49.5,69.8,29.3,36.6,19.5,,,,,,,9.6,54.9
"Osuna, Alejandro",696030,2026,0.263,0.316,0.385,0.053,0.328,88.4,98.412355946,93.356068649,0.0,33.8,3.8,29.9,13.6,10.9,23.4,35.1,41.6,16.0,47.5,66.7,28.6,57.1,7.8,,,,,,,0.1,29.8
"McCann, James",543510,2026,0.181,0.282,0.194,0.102,0.208,90.6,100.735185238,95.068915,6.8,45.5,5.4,22.7,27.4,1.6,11.4,63.6,25.0,30.4,52.5,59.3,45.8,63.6,18.2,,,,,,,10.7,43.7
"Cortes, Carlos",666126,2026,0.303,0.464,0.394,0.161,0.378,89.9,100.3733325,94.456772222,8.9,41.6,8.5,35.8,9.6,11.9,27.7,43.1,29.2,18.8,42.6,65.1,22.6,47.4,21.2,,,,,,,7.2,44.6
"Ozuna, Marcell",542303,2026,0.226,0.397,0.307,0.171,0.309,89.5,99.833416667,94.144970833,8.3,39.0,22.2,39.0,28.7,9.4,38.2,35.8,26.0,30.3,41.6,60.2,25.4,30.1,29.3,,,,,,,15.8,48.8
"Smith, Dominic",642086,2026,0.292,0.472,0.34,0.18,0.354,88.9,98.499945763,93.621555254,8.4,35.5,15.1,38.0,14.4,5.9,26.4,46.3,27.3,20.0,53.3,72.1,35.3,33.9,35.5,,,,,,,8.9,53.5
"Holliday, Jackson",702616,2026,0.235,0.407,0.341,0.172,0.338,89.3,99.687136471,93.913769118,8.8,41.2,16.8,44.1,27.6,13.8,38.2,44.1,17.6,31.1,42.6,65.5,23.5,32.4,35.3,,,,,,,12.2,59.3
"Cole, Zach",805904,2026,0.209,0.438,0.239,0.229,0.289,92.5,102.600134,95.962160333,16.7,50.0,15.3,23.3,39.6,1.9,50.0,33.3,16.7,43.3,44.3,60.6,28.2,43.3,33.3,,,,,,,11.6,49.4
"Volpe, Anthony",683011,2026,0.22,0.33,0.338,0.111,0.307,86.0,97.33046381,92.800319524,4.8,32.6,18.8,30.2,20.9,14.9,30.2,44.2,25.6,26.2,44.0,67.7,23.1,34.9,30.2,,,,,,,10.1,64.8
"Saggese, Thomas",695336,2026,0.203,0.365,0.261,0.162,0.274,88.8,100.2456392,94.3591682,10.0,38.0,13.2,34.0,31.7,7.3,42.0,30.0,28.0,33.0,54.0,74.0,36.9,44.0,22.0,,,,,,,9.5,43.9
"Lopez, Nicky",670032,2026,0.206,0.252,0.23,0.046,0.213,84.0,93.937986364,90.968993182,0.0,20.8,1.9,33.3,26.5,2.9,37.5,37.5,25.0,25.4,56.3,71.0,40.4,50.0,16.7,,,,,,,8.7,61.8
"Slater, Austin",596103,2026,0.18,0.246,0.26,0.065,0.233,85.7,93.282175333,90.74864069,3.4,13.8,11.9,34.5,30.6,10.2,31.0,27.6,41.4,30.1,41.9,61.1,25.9,41.4,27.6,,,,,,,12.5,52.7
"Ramírez, Agustín",682663,2026,0.225,0.312,0.314,0.088,0.282,89.2,101.906475116,95.046452907,4.7,40.7,6.3,26.7,21.7,10.1,39.5,40.7,19.8,31.0,48.4,71.1,26.6,52.3,15.1,,,,,,,8.5,51.2
"Scott II, Victor",687363,2026,0.221,0.293,0.302,0.072,0.273,86.7,96.148647451,92.074625098,0.8,23.8,7.2,31.1,23.9,8.7,36.1,42.6,21.3,24.9,46.4,68.6,22.1,55.7,17.2,,,,,,,7.6,42.9
"Acuña Jr., Ronald",660670,2026,0.255,0.494,0.378,0.238,0.38,90.1,101.782000694,95.17689875,13.2,43.8,17.8,32.6,21.9,15.0,36.8,33.3,29.9,28.8,45.6,72.1,25.0,40.3,29.9,,,,,,,11.2,53.7
"Romo, Drew",691011,2026,0.194,0.343,0.288,0.15,0.283,84.6,96.748005556,92.460429245,9.3,29.6,9.8,25.9,24.7,10.6,40.7,46.3,13.0,32.5,47.8,68.3,31.6,46.3,33.3,,,,,,,14.9,47.0
"Brito, Juan",682877,2026,0.205,0.287,0.276,0.081,0.256,84.3,97.150075882,92.606637941,2.9,32.4,14.2,29.4,30.4,7.1,50.0,38.2,11.8,32.5,48.5,63.6,35.2,44.1,14.7,,,,,,,13.5,58.8
"Gorman, Nolan",669357,2026,0.202,0.358,0.282,0.156,0.28,89.2,100.774935846,94.538134496,9.3,43.4,22.2,34.9,31.5,10.4,43.4,29.5,27.1,37.8,50.3,70.8,31.7,31.8,36.4,,,,,,,17.2,47.6
"Palacios, Richie",680700,2026,0.23,0.309,0.346,0.079,0.305,87.5,96.475386458,92.330068526,3.1,27.3,12.5,35.4,20.3,13.1,34.3,40.4,25.3,23.3,43.0,62.2,28.4,42.4,17.2,,,,,,,8.0,55.7
"Jensen, Carter",695600,2026,0.188,0.333,0.266,0.145,0.267,90.1,101.101014925,94.930160451,9.0,40.3,22.2,28.4,30.4,9.4,39.6,31.3,29.1,32.5,44.4,64.6,27.4,32.1,38.8,,,,,,,5.0,45.7
"Paredes, Isaac",670623,2026,0.24,0.374,0.333,0.134,0.317,87.1,97.151275889,92.702221167,6.7,30.6,24.1,36.1,16.3,9.5,56.1,23.3,20.6,16.6,44.2,62.5,27.8,27.8,32.8,,,,,,,16.0,51.5
"McGuire, Reese",624512,2026,0.186,0.215,0.285,0.029,0.243,74.3,87.906893,89.0789435,0.0,9.5,18.8,33.3,26.5,5.9,28.6,47.6,23.8,21.8,50.0,59.7,37.5,42.9,23.8,,,,,,,10.5,41.7
"Arraez, Luis",650333,2026,0.293,0.373,0.333,0.08,0.307,87.4,94.376129669,91.273376901,0.4,22.3,15.2,42.1,4.3,5.4,30.8,36.8,32.4,9.2,51.4,66.3,34.4,39.3,28.7,,,,,,,8.6,55.7
"Grissom, Vaughn",687093,2026,0.265,0.443,0.347,0.178,0.35,90.9,100.645514167,94.91737479,7.5,46.7,13.9,32.5,11.0,9.0,44.2,37.5,18.3,19.6,45.5,64.9,24.2,41.7,30.0,,,,,,,8.8,50.8
"Hays, Austin",669720,2026,0.286,0.365,0.302,0.079,0.283,87.0,100.090157333,94.630878,3.3,50.0,-1.3,30.0,29.5,2.3,53.3,30.0,16.7,37.1,53.6,72.2,39.4,60.0,13.3,,,,,,,14.0,60.3
"Caminero, Junior",691406,2026,0.277,0.484,0.377,0.206,0.373,92.3,105.075111134,96.943864456,11.9,48.2,8.4,25.3,15.3,13.9,41.2,38.7,20.1,20.4,40.9,60.1,27.6,51.0,21.1,,,,,,,7.1,58.1
"Thomas, Lane",657041,2026,0.224,0.316,0.354,0.092,0.31,86.4,97.821748478,92.993530879,3.3,35.2,23.3,37.4,21.1,16.3,41.8,39.6,18.7,20.9,40.5,62.9,21.6,28.6,33.0,,,,,,,8.2,58.9
"Lewis, Royce",668904,2026,0.205,0.318,0.301,0.113,0.285,87.6,100.568936486,94.414621081,10.8,40.5,14.3,32.4,29.9,10.2,47.3,36.5,16.2,36.7,48.9,67.8,33.2,39.2,23.0,,,,,,,10.3,71.7
"Guerrero Jr., Vladimir",665489,2026,0.305,0.428,0.395,0.123,0.36,90.6,102.574434808,95.526137729,6.8,44.9,8.9,30.0,10.0,11.9,35.3,39.6,25.1,19.6,48.6,69.7,31.4,48.8,17.9,,,,,,,1.8,33.6
"Semien, Marcus",543760,2026,0.264,0.434,0.314,0.17,0.325,86.4,97.515206022,92.804560811,8.6,36.0,18.4,35.4,19.5,6.6,48.7,36.0,15.3,21.6,51.3,72.0,28.3,35.4,30.7,,,,,,,15.3,61.1
"De La Cruz, Elly",682829,2026,0.269,0.493,0.34,0.224,0.362,94.2,105.202274474,97.581350526,15.0,52.9,12.1,36.9,29.6,8.6,29.9,40.1,29.9,29.1,41.1,57.6,26.5,45.2,31.8,,,,,,,8.7,49.3
"Vargas, Ildemaro",545121,2026,0.287,0.402,0.319,0.116,0.314,86.8,97.578621979,92.793469219,4.1,31.8,10.8,30.8,9.3,3.5,47.2,36.9,15.9,14.9,51.2,62.2,40.8,43.6,19.0,,,,,,,6.3,54.8
"Fernandez, Jose",699912,2026,0.243,0.348,0.278,0.105,0.276,87.9,100.319566885,94.276578115,3.9,38.8,11.6,27.1,22.6,4.0,45.0,31.0,24.0,24.6,47.2,58.8,36.9,49.6,13.2,,,,,,,7.9,50.4
"Frazier, Adam",624428,2026,0.175,0.241,0.265,0.067,0.237,83.5,93.122690385,90.689275962,1.8,16.4,15.6,30.9,30.1,9.7,45.5,36.4,18.2,27.0,53.1,70.1,35.7,50.9,27.3,,,,,,,14.0,45.2
"Canzone, Dominic",686527,2026,0.286,0.53,0.353,0.244,0.377,93.6,104.01008463,96.914524907,16.7,50.0,13.3,38.9,21.7,8.3,43.5,35.2,21.3,29.8,46.3,63.9,31.3,40.7,27.8,,,,,,,13.6,55.2
"Durbin, Caleb",702332,2026,0.23,0.295,0.29,0.065,0.268,85.3,96.394070789,92.224830331,1.9,30.1,8.1,23.7,14.5,5.5,41.0,39.1,19.9,15.4,45.4,61.9,27.5,56.4,16.0,,,,,,,9.2,63.5
"Garver, Mitch",641598,2026,0.179,0.31,0.317,0.132,0.291,90.6,101.120288077,95.332637451,5.9,52.9,18.8,19.6,29.5,16.8,56.9,33.3,9.8,33.1,42.7,64.8,24.4,35.3,41.2,,,,,,,15.1,67.5
"Story, Trevor",596115,2026,0.212,0.309,0.253,0.096,0.248,88.9,99.268155636,93.840743853,3.6,41.8,12.9,30.0,32.4,4.5,45.5,35.5,19.1,31.7,55.4,69.4,44.0,48.2,20.9,,,,,,,10.8,51.1
"Greene, Riley",682985,2026,0.266,0.465,0.362,0.2,0.362,91.1,102.638368659,95.874619448,12.3,50.3,15.8,38.7,27.6,12.4,37.4,39.9,22.7,29.7,45.7,67.3,26.2,39.9,28.8,,,,,,,15.0,44.8
"Walker, Jordan",691023,2026,0.282,0.516,0.345,0.234,0.372,94.5,105.612188391,97.488752832,13.9,52.6,14.2,34.7,26.0,7.9,39.3,37.6,23.1,31.8,51.8,71.4,35.5,41.0,26.6,,,,,,,8.6,56.4
"Davis, Henry",680779,2026,0.203,0.356,0.298,0.153,0.296,90.8,101.282288043,94.879195761,11.6,37.9,19.6,26.3,20.1,9.4,55.8,31.6,12.6,23.9,51.8,72.3,30.8,38.9,25.3,,,,,,,10.1,63.1
"Schneemann, Daniel",682177,2026,0.234,0.371,0.308,0.137,0.302,87.5,98.260232982,93.248041667,6.1,36.8,10.7,37.4,28.9,9.6,44.3,34.8,20.9,30.0,48.8,64.0,34.1,41.7,28.7,,,,,,,14.2,52.9
"Robles, Victor",645302,2026,0.256,0.346,0.256,0.09,0.26,83.9,94.563430833,91.67893,4.3,21.7,7.1,26.1,20.7,0.0,52.2,26.1,21.7,23.0,49.6,70.9,32.4,56.5,8.7,,,,,,,10.5,56.6
"Wong, Connor",657136,2026,0.221,0.334,0.299,0.113,0.285,87.1,99.429995926,93.847467547,3.6,37.5,10.9,28.6,22.0,7.3,39.3,41.1,19.6,24.5,48.1,63.4,34.2,44.6,25.0,,,,,,,11.2,47.2
"Eldridge, Bryce",805811,2026,0.294,0.507,0.373,0.213,0.377,92.0,102.628327419,96.299336393,9.8,52.5,16.9,36.1,23.4,11.7,42.6,32.8,24.6,22.8,46.4,70.1,29.0,31.1,34.4,,,,,,,13.6,47.2
"Baldwin, Drake",686948,2026,0.305,0.587,0.393,0.283,0.418,92.8,103.678356164,96.840637655,18.6,53.8,12.1,42.1,20.4,11.1,32.4,45.5,22.1,23.1,50.4,69.0,34.4,44.1,24.8,,,,,,,12.7,49.1
"Devers, Rafael",646240,2026,0.218,0.4,0.273,0.182,0.29,91.9,102.661756512,95.990900523,9.9,49.7,12.4,31.8,31.1,6.8,31.8,45.1,23.1,31.3,50.8,70.1,31.4,43.9,31.8,,,,,,,9.3,58.3
"Lopez, Otto",672640,2026,0.293,0.452,0.325,0.159,0.336,90.3,101.271394717,95.081836651,7.4,44.0,6.2,30.6,16.1,3.6,31.9,38.9,29.2,21.0,48.5,61.9,36.0,53.7,22.7,,,,,,,5.8,47.8
"Peña, Jeremy",665161,2026,0.327,0.48,0.382,0.153,0.375,86.0,97.9821558,93.044925455,5.1,32.3,13.5,34.3,13.4,6.3,44.4,34.3,21.2,25.4,53.7,76.1,34.7,42.4,29.3,,,,,,,11.0,64.5
"Pages, Andy",681624,2026,0.277,0.478,0.326,0.201,0.347,90.1,101.0900734,94.945191307,10.1,47.2,16.6,36.7,19.3,6.3,35.7,36.7,27.6,23.2,49.9,67.1,35.0,36.2,27.6,,,,,,,7.1,45.9
"Swanson, Dansby",621020,2026,0.197,0.347,0.301,0.151,0.292,89.5,99.3281156,93.967313667,7.2,41.2,16.0,26.8,23.3,12.5,45.8,32.7,21.6,30.5,44.7,67.8,25.4,43.1,32.7,,,,,,,15.2,59.5
"Horwitz, Spencer",687462,2026,0.232,0.381,0.349,0.149,0.334,86.2,97.38388907,92.766905614,7.6,33.3,16.1,28.1,12.3,14.0,39.8,30.4,29.8,14.0,40.8,58.8,25.1,41.5,26.3,,,,,,,9.1,48.2
"Nimmo, Brandon",607043,2026,0.282,0.507,0.363,0.225,0.376,91.7,101.698013118,95.697013602,11.8,50.5,11.9,34.4,20.9,8.8,28.5,46.8,24.7,23.0,48.6,68.4,27.2,40.3,30.1,,,,,,,6.6,49.5
"Goodman, Hunter",696100,2026,0.225,0.442,0.298,0.217,0.319,91.0,102.858606197,95.887215915,15.5,46.9,17.4,35.0,33.7,7.9,53.1,30.1,16.8,33.7,54.3,71.9,41.0,32.9,34.3,,,,,,,14.6,64.8
"Tena, José",677588,2026,0.238,0.38,0.29,0.143,0.294,92.3,104.32166275,96.86201075,10.0,52.5,10.4,36.3,32.1,6.1,33.8,33.8,32.5,36.7,50.0,70.0,31.4,46.3,20.0,,,,,,,7.6,38.1
"Ortiz, Joey",687401,2026,0.224,0.292,0.331,0.068,0.298,86.7,97.804178269,93.037401748,2.8,33.3,8.9,21.3,16.9,13.0,30.6,43.5,25.9,17.4,42.7,55.8,31.6,51.9,24.1,,,,,,,1.3,32.4
"Abreu, Wilyer",677800,2026,0.271,0.472,0.336,0.2,0.348,89.8,100.591269583,94.638410942,11.5,43.0,17.4,33.7,19.0,9.0,33.7,34.7,31.6,22.0,48.4,68.0,29.8,35.8,36.8,,,,,,,6.8,44.5
"Martin, Austin",668885,2026,0.241,0.328,0.343,0.086,0.307,86.4,96.137991486,92.115911554,2.7,27.5,11.7,32.9,17.6,12.0,35.6,38.9,25.5,20.2,39.7,62.4,18.3,47.0,24.8,,,,,,,11.5,56.5
"Springer, George",543807,2026,0.224,0.372,0.304,0.148,0.301,87.8,98.802404783,93.457147319,8.0,37.0,14.4,30.4,18.3,9.1,44.9,33.3,21.7,24.3,49.9,75.3,26.7,44.9,24.6,,,,,,,10.1,55.6
"Feduccia, Hunter",676439,2026,0.231,0.35,0.325,0.118,0.309,90.0,98.248013182,93.46893093,4.3,31.9,20.6,39.6,31.8,10.6,29.2,37.5,33.3,26.4,45.8,65.4,28.0,33.3,33.3,,,,,,,12.1,58.4
"Freeman, Freddie",518692,2026,0.276,0.491,0.361,0.215,0.37,91.0,101.168895204,94.922825408,11.2,46.4,11.4,34.7,16.8,11.3,33.7,37.8,28.6,22.2,49.0,74.2,26.5,43.4,28.1,,,,,,,6.8,42.9
"Tatis Jr., Fernando",665487,2026,0.283,0.415,0.36,0.132,0.349,90.5,103.937815543,96.435192404,10.3,51.1,2.9,33.2,21.9,9.3,27.7,43.5,28.8,29.6,48.0,70.0,28.6,51.6,19.0,,,,,,,6.8,52.4
"Adell, Jo",666176,2026,0.27,0.461,0.311,0.191,0.334,90.9,102.487336979,95.599212292,8.9,45.6,18.5,32.6,23.5,2.6,38.3,35.8,25.9,26.0,55.8,75.8,38.0,37.3,26.9,,,,,,,9.9,47.2
"Raley, Luke",670042,2026,0.265,0.554,0.325,0.289,0.374,90.1,102.610464528,95.52175934,19.1,46.4,15.8,40.0,33.2,4.8,48.2,27.3,24.5,42.1,54.4,77.3,33.7,38.2,30.9,,,,,,,15.7,57.0
"Crawford, Justin",702222,2026,0.236,0.301,0.298,0.065,0.272,87.9,98.153838857,93.280078786,1.4,34.7,1.8,26.4,19.6,7.0,30.6,40.3,29.2,19.0,51.4,65.5,38.0,59.7,16.7,,,,,,,4.9,44.9
"Lukes, Nathan",664770,2026,0.292,0.373,0.344,0.081,0.319,86.2,97.379318293,92.722332195,1.2,33.7,13.6,33.7,13.3,3.8,36.1,36.1,27.7,16.0,50.7,62.8,38.9,47.0,18.1,,,,,,,6.3,46.7
"Acuña, Luisangel",682668,2026,0.236,0.305,0.289,0.069,0.268,89.4,99.825412889,94.128988778,3.3,38.0,3.5,19.6,17.4,5.8,35.9,41.3,22.8,22.9,49.5,69.3,33.6,59.8,18.5,,,,,,,8.5,71.8
"Kemp, Otto",805249,2026,0.162,0.221,0.224,0.059,0.206,81.5,89.912855,89.894159333,0.0,13.3,27.0,33.3,37.0,3.7,13.3,33.3,53.3,37.9,48.3,67.3,33.8,26.7,33.3,,,,,,,10.1,41.2
"Meckler, Wade",685133,2026,0.277,0.497,0.333,0.221,0.36,85.1,96.667174737,92.437829474,10.3,28.2,6.6,41.0,15.7,7.8,38.5,38.5,23.1,21.8,47.9,65.1,28.6,43.6,28.2,,,,,,,13.0,54.4
"Ruiz, Esteury",665923,2026,0.158,0.322,0.27,0.164,0.27,88.3,97.184833125,92.749477742,9.1,30.3,27.8,33.3,31.7,11.7,54.5,27.3,18.2,36.3,48.1,70.3,31.3,27.3,36.4,,,,,,,19.5,36.5
"Call, Alex",669743,2026,0.226,0.281,0.343,0.054,0.292,82.7,92.96985697,90.727125846,1.5,18.5,14.5,24.6,13.2,13.2,44.6,32.3,23.1,13.2,41.6,63.2,19.3,46.2,21.5,,,,,,,8.8,46.5
"Millas, Drew",686452,2026,0.233,0.323,0.32,0.09,0.292,82.0,93.268742571,91.060304348,4.1,20.0,10.8,34.7,20.7,9.0,33.3,34.7,32.0,21.6,44.6,62.1,27.8,46.7,16.0,,,,,,,6.9,39.5
"d'Arnaud, Travis",518595,2026,0.23,0.436,0.326,0.206,0.337,87.7,97.599345714,92.812057143,14.3,32.1,14.2,39.3,17.5,7.5,21.4,42.9,35.7,27.5,48.9,67.6,28.4,42.9,32.1,,,,,,,10.7,58.1
"Cruz, Oneil",665833,2026,0.255,0.49,0.342,0.235,0.358,96.0,107.079730933,98.929093333,16.7,59.2,7.6,34.9,34.6,10.6,42.1,37.5,20.4,37.8,43.6,58.4,32.4,47.4,24.3,,,,,,,7.8,43.4
"Albies, Ozzie",645277,2026,0.251,0.387,0.313,0.136,0.307,87.0,97.054248182,92.589946301,4.6,28.7,17.2,34.5,12.4,7.4,43.5,34.1,22.4,20.8,54.5,79.1,35.6,36.3,31.4,,,,,,,11.4,56.3
"Perez, Salvador",521692,2026,0.224,0.39,0.276,0.167,0.291,88.6,99.889624737,94.052889789,8.4,40.0,16.7,31.6,19.1,4.7,39.5,30.5,30.0,26.0,57.2,73.6,45.3,37.9,30.5,,,,,,,11.3,58.7
"Monasterio, Andruw",655316,2026,0.251,0.382,0.294,0.132,0.296,87.7,98.402794865,93.330397432,6.6,38.2,20.4,36.8,21.2,5.8,40.8,31.6,27.6,17.2,47.4,66.7,25.1,38.2,28.9,,,,,,,12.3,54.0
"Teodosio, Bryce",669326,2026,0.16,0.236,0.21,0.076,0.203,83.5,96.110663571,92.221051111,6.7,23.3,6.4,13.3,35.3,5.9,33.3,26.7,40.0,39.2,54.8,71.3,38.9,56.7,23.3,,,,,,,8.1,44.3
"Ward, Taylor",621493,2026,0.252,0.371,0.394,0.119,0.349,89.4,99.14372382,93.794193764,5.1,40.4,13.8,36.0,21.1,18.8,29.8,42.7,27.5,18.7,31.6,51.4,12.7,40.4,27.0,,,,,,,5.5,47.1
"Rice, Ben",700250,2026,0.284,0.54,0.382,0.256,0.396,92.3,102.550670385,95.794638141,16.7,50.6,14.2,42.3,24.0,12.8,46.8,34.6,18.6,24.9,41.9,62.8,23.0,39.7,26.9,,,,,,,11.8,54.2
"León, Sandy",506702,2026,0.151,0.192,0.151,0.042,0.149,82.1,93.591350909,91.009418182,0.0,18.2,21.4,27.3,38.9,0.0,68.2,18.2,13.6,28.9,58.9,72.4,43.1,36.4,18.2,,,,,,,14.6,54.2
"India, Jonathan",663697,2026,0.173,0.289,0.315,0.116,0.285,85.7,96.473557778,92.357829714,5.7,31.4,28.3,28.6,22.4,13.8,40.0,28.6,31.4,22.6,39.2,60.0,17.9,28.6,31.4,,,,,,,9.7,56.1
"Lee, Brooks",686797,2026,0.22,0.336,0.273,0.116,0.27,87.6,96.830482967,92.451778077,5.4,29.7,12.4,34.1,18.2,6.1,40.0,33.0,27.0,22.4,52.4,70.4,35.8,42.2,26.5,,,,,,,10.8,56.7
"Lee, Jung Hoo",808982,2026,0.311,0.402,0.349,0.091,0.332,87.9,96.775312551,92.498703316,2.5,30.3,10.9,38.4,10.2,4.3,35.4,36.4,28.3,13.5,46.6,63.5,29.4,43.4,21.2,,,,,,,4.3,35.6
"Johnson, Bryce",669369,2026,0.161,0.182,0.22,0.021,0.189,79.2,89.849768333,89.723530435,0.0,7.7,18.9,23.1,34.1,6.8,26.9,38.5,34.6,31.7,50.0,62.5,38.1,53.8,26.9,,,,,,,10.3,37.5
"Schanuel, Nolan",694384,2026,0.267,0.374,0.321,0.108,0.307,86.9,97.137739878,92.604161534,3.0,31.7,10.1,35.4,16.7,6.5,40.2,37.2,22.6,19.4,46.8,64.3,29.4,47.6,17.1,,,,,,,7.5,49.1
"Collins, Isaac",686555,2026,0.215,0.3,0.341,0.085,0.302,88.0,99.461188361,93.857143607,7.3,37.9,19.7,32.3,26.2,14.0,41.9,33.1,25.0,26.0,38.6,58.9,18.7,34.7,27.4,,,,,,,4.8,36.9
"Myers, Dane",667472,2026,0.278,0.485,0.375,0.208,0.375,90.5,99.849946897,94.266321552,9.8,33.8,20.8,43.1,24.8,11.4,24.6,44.6,30.8,15.5,37.7,57.6,16.9,33.8,32.3,,,,,,,8.6,51.9
"Moniak, Mickey",666160,2026,0.228,0.47,0.288,0.242,0.324,89.7,100.154232143,94.372578378,13.5,41.4,25.3,32.4,24.4,6.1,54.1,28.8,17.1,27.8,58.0,76.5,41.4,29.7,40.5,,,,,,,14.2,53.5
"Foscue, Justin",679822,2026,0.29,0.521,0.35,0.231,0.377,90.7,100.074726522,94.454907174,10.9,47.8,17.0,43.5,25.7,5.7,41.3,39.1,19.6,22.5,43.5,57.1,30.2,34.8,32.6,,,,,,,12.7,59.6
"Simpson, Chandler",802415,2026,0.247,0.284,0.286,0.037,0.256,84.1,93.0736858,90.57122185,0.0,15.3,2.5,26.2,10.8,5.2,27.6,40.0,32.4,10.9,46.5,62.1,30.5,59.5,13.3,,,,,,,3.2,37.9
"Judge, Aaron",592450,2026,0.27,0.6,0.393,0.33,0.415,94.1,105.303098194,97.814683287,21.7,57.3,14.6,33.6,27.6,16.1,43.4,31.5,25.2,32.2,42.9,64.1,25.8,38.5,32.2,,,,,,,12.3,51.2
"White, Eli",642201,2026,0.252,0.345,0.299,0.093,0.287,86.8,98.103013214,93.051506607,6.9,32.8,4.1,32.8,18.2,5.2,36.2,36.2,27.6,27.9,49.8,75.4,27.4,56.9,20.7,,,,,,,9.8,54.6
"Rogers, Jake",668670,2026,0.181,0.327,0.256,0.146,0.258,86.7,97.721196111,92.915993889,10.8,35.1,32.0,32.4,31.7,7.9,48.6,29.7,21.6,29.7,43.9,58.9,29.5,18.9,43.2,,,,,,,16.4,62.1
"Keith, Colt",690993,2026,0.259,0.377,0.301,0.119,0.297,88.2,99.561784783,93.989817226,4.4,40.6,12.7,34.8,21.2,5.3,37.7,40.6,21.7,22.8,43.3,62.0,23.4,41.3,23.9,,,,,,,10.1,49.1
"Lee, Hao-Yu ",701678,2026,0.214,0.401,0.25,0.187,0.281,88.5,98.536139667,93.516432542,11.9,32.2,19.8,39.0,27.6,4.6,25.4,39.0,35.6,30.7,48.1,67.5,27.6,30.5,37.3,,,,,,,6.4,44.6
"Mack, Joe",691788,2026,0.213,0.339,0.258,0.126,0.263,89.5,99.261700714,93.852230727,7.0,36.8,9.8,29.8,31.1,5.6,54.4,24.6,21.1,24.7,48.3,69.8,24.6,52.6,19.3,,,,,,,13.9,54.0
"Clarke, Denzel",672016,2026,0.163,0.19,0.223,0.027,0.193,91.9,103.213863571,96.632126429,3.2,46.9,2.6,15.6,40.0,6.7,56.3,18.8,25.0,35.8,45.0,64.0,29.0,75.0,6.3,,,,,,,4.9,46.6
"Chaparro, Andrés",665953,2026,0.241,0.419,0.418,0.178,0.38,87.8,98.981504444,93.813737647,5.9,35.3,14.9,35.3,20.0,23.3,41.2,41.2,17.6,26.9,40.3,62.8,29.1,41.2,35.3,,,,,,,9.8,57.4
"Vierling, Matt",663837,2026,0.25,0.378,0.316,0.128,0.308,86.9,97.980692754,93.082063869,5.8,33.3,16.5,35.5,16.8,8.6,37.7,39.1,23.2,16.9,46.8,63.4,29.5,39.9,27.5,,,,,,,8.4,57.0
"Hamilton, David",666152,2026,0.218,0.322,0.31,0.104,0.288,86.6,97.221223846,92.656967379,4.1,30.1,14.5,24.2,19.0,10.6,33.1,31.5,35.5,20.0,44.5,61.1,29.6,50.0,29.8,,,,,,,5.5,39.5
"Durán, Rodolfo",660710,2026,0.191,0.44,0.394,0.248,0.374,87.8,100.399535,94.64319,18.8,37.5,19.4,37.5,27.3,21.2,37.5,37.5,25.0,29.2,37.8,62.3,20.3,31.3,43.8,,,,,,,10.5,60.5
"Taylor, Tyrone",621438,2026,0.207,0.342,0.23,0.136,0.248,86.2,97.454180256,92.744447564,6.1,30.5,20.5,32.9,18.3,2.9,43.9,34.1,22.0,23.5,54.3,68.8,40.0,36.6,32.9,,,,,,,10.9,61.0
"Lowe, Brandon",664040,2026,0.254,0.492,0.339,0.238,0.359,90.1,101.605195422,95.193858434,12.7,45.8,16.7,38.0,25.2,10.7,44.6,37.3,18.1,34.7,48.5,67.3,33.1,34.9,31.9,,,,,,,15.7,49.1
"Meidroth, Chase",805367,2026,0.23,0.336,0.307,0.106,0.29,87.7,97.45345046,92.93516977,5.6,36.3,7.3,33.0,22.6,9.6,39.6,31.9,28.6,19.8,40.8,54.8,26.6,52.7,21.4,,,,,,,10.4,55.8
"Montgomery, Colson",695657,2026,0.215,0.438,0.314,0.223,0.326,89.8,101.992746104,95.304314706,13.7,45.1,19.5,35.9,30.7,9.3,52.3,29.4,18.3,38.2,52.1,75.6,31.7,34.6,34.0,,,,,,,12.8,51.6
"Winn, Masyn",691026,2026,0.248,0.318,0.334,0.071,0.298,86.9,97.798722405,92.937829936,3.1,31.9,11.9,31.3,21.8,8.8,30.0,43.1,26.9,23.7,41.8,59.7,24.7,46.3,15.6,,,,,,,4.8,39.7
"Lindor, Francisco",596019,2026,0.253,0.433,0.339,0.18,0.34,90.9,100.295103784,94.53938,9.5,43.2,14.8,31.1,18.1,10.5,41.9,33.8,24.3,25.8,45.5,68.3,27.6,39.2,25.7,,,,,,,13.0,55.1
"Altuve, Jose",514888,2026,0.247,0.367,0.33,0.119,0.31,86.3,98.318256563,93.200801172,6.1,36.8,8.5,33.1,20.2,10.4,43.6,45.9,10.5,25.5,46.8,63.3,33.7,48.1,18.0,,,,,,,14.6,50.4
"Buxton, Byron",621439,2026,0.234,0.483,0.298,0.25,0.333,90.2,101.440057073,95.194667791,17.8,46.6,22.8,32.5,25.8,7.3,46.6,31.3,22.1,31.2,53.4,73.8,35.5,28.2,37.4,,,,,,,14.7,57.6
"Torres, Gleyber",650402,2026,0.251,0.375,0.371,0.123,0.335,84.6,96.201560909,92.116983636,6.4,30.0,7.3,36.4,17.5,15.7,17.3,40.0,42.7,21.1,39.1,62.9,16.2,46.4,25.5,,,,,,,7.1,52.2
"Caissie, Owen",683357,2026,0.197,0.364,0.273,0.167,0.283,91.2,102.522121667,95.718422976,12.9,45.9,15.1,48.2,42.0,8.0,27.1,52.9,20.0,35.7,45.5,65.2,28.8,41.2,28.2,,,,,,,10.8,36.6
"Walker, Christian",572233,2026,0.24,0.429,0.311,0.19,0.321,90.2,101.733583684,95.283424444,12.2,45.0,14.1,29.6,21.2,8.1,42.3,33.9,23.8,29.9,50.0,73.2,29.3,45.5,28.0,,,,,,,7.9,47.5
"Caratini, Victor",605170,2026,0.253,0.393,0.357,0.14,0.34,88.7,98.423305,93.648132437,6.7,39.5,12.3,41.2,20.1,8.9,34.5,42.0,23.5,21.5,42.2,58.9,26.5,45.4,21.0,,,,,,,10.9,55.4
"Pasquantino, Vinnie",686469,2026,0.246,0.394,0.329,0.148,0.317,88.7,98.934708421,93.697642895,7.3,37.0,20.2,37.5,17.7,11.1,44.3,33.9,21.9,16.4,45.5,63.5,30.7,31.3,27.1,,,,,,,10.9,60.3
"Susac, Daniel",691740,2026,0.265,0.367,0.326,0.102,0.308,88.0,97.588598571,92.884488214,5.3,31.6,15.6,38.6,22.9,6.0,36.8,36.8,26.3,24.7,53.8,70.8,38.2,40.4,31.6,,,,,,,12.4,48.2
"Johnston, Troy",687859,2026,0.286,0.398,0.345,0.112,0.329,89.0,98.34153037,93.285863333,3.0,36.4,13.0,43.6,19.3,7.5,35.2,41.2,23.6,22.7,50.0,66.2,35.1,39.4,22.4,,,,,,,10.1,42.5
"Fry, David",681807,2026,0.208,0.295,0.319,0.088,0.28,86.6,97.6641425,92.919927091,7.3,34.5,16.1,32.7,31.0,14.0,61.8,30.9,7.3,31.9,42.1,60.0,27.2,38.2,29.1,,,,,,,15.8,56.9
"Sosa, Lenyn",672820,2026,0.222,0.345,0.234,0.123,0.249,88.7,98.841732,93.512313708,5.6,36.7,20.0,34.4,21.4,0.9,38.9,32.2,28.9,21.5,56.0,64.8,50.0,40.0,25.6,,,,,,,12.4,49.5
"Moncada, Yoán",660162,2026,0.169,0.286,0.293,0.117,0.27,90.3,100.980665625,94.815858438,7.7,40.9,15.8,33.3,34.6,13.1,39.4,40.9,19.7,28.8,38.9,56.7,21.1,34.8,36.4,,,,,,,11.4,37.0
"Kiner-Falefa, Isiah",643396,2026,0.264,0.347,0.325,0.082,0.301,83.4,95.621609167,91.951422917,4.0,27.6,10.7,38.2,15.2,8.1,39.5,38.2,22.4,17.9,52.0,69.6,36.0,46.1,17.1,,,,,,,6.3,45.0
"Sullivan, Brett",664954,2026,0.203,0.278,0.251,0.075,0.239,86.1,96.178603333,92.096540152,1.5,26.5,18.7,25.0,21.5,4.3,50.0,27.9,22.1,21.1,52.3,66.7,38.2,44.1,23.5,,,,,,,9.6,61.5
"Raleigh, Cal",663728,2026,0.18,0.387,0.263,0.207,0.289,87.5,98.783037736,93.452052547,12.3,31.1,23.1,32.1,31.5,9.9,50.9,28.3,20.8,30.5,53.1,72.2,37.8,28.3,47.2,,,,,,,17.1,45.8
"Song, Sung-Mun",823550,2026,0.213,0.332,0.34,0.12,0.311,83.8,94.6994725,91.500042174,8.3,20.8,12.0,33.3,18.9,16.2,33.3,41.7,25.0,23.0,44.0,65.8,26.1,45.8,41.7,,,,,,,6.6,56.7
"Griffin, Konnor",804606,2026,0.237,0.389,0.3,0.152,0.303,87.3,99.871697761,94.003418271,8.2,35.6,5.5,31.1,26.9,6.7,39.3,34.1,26.7,32.1,50.9,66.5,37.2,53.3,18.5,,,,,,,8.9,45.4
"Betts, Mookie",605141,2026,0.263,0.43,0.328,0.167,0.331,89.9,98.32457566,93.565023143,8.6,35.2,19.5,40.0,12.0,8.3,38.1,40.0,21.9,13.5,41.4,58.9,21.9,28.6,39.0,,,,,,,8.2,55.5
"Carpenter, Kerry",681481,2026,0.201,0.377,0.282,0.176,0.292,91.0,99.702048718,94.341876753,10.4,47.4,21.2,35.9,33.3,8.7,48.7,28.2,23.1,32.7,48.8,66.7,35.2,33.3,38.5,,,,,,,19.0,43.7
"Bleday, JJ",668709,2026,0.284,0.521,0.375,0.237,0.389,90.5,101.744823396,95.41712219,12.4,50.0,20.3,45.3,19.4,12.3,50.9,33.0,16.0,26.6,47.2,70.1,25.0,29.2,29.2,,,,,,,11.5,54.0
"Castro, Willi",650489,2026,0.221,0.35,0.301,0.128,0.291,88.8,100.304132381,94.37246968,5.5,44.9,17.1,29.9,27.8,8.8,45.7,31.5,22.8,30.0,53.4,73.1,38.2,39.4,33.1,,,,,,,9.3,51.8
"Clemens, Kody",665019,2026,0.253,0.458,0.322,0.205,0.34,92.6,101.684372319,95.356335362,14.3,44.7,16.2,37.6,22.7,6.8,40.4,33.3,26.2,25.9,48.5,67.9,30.7,37.6,31.2,,,,,,,10.8,61.1
"Escarra, J.C.",641555,2026,0.219,0.33,0.284,0.111,0.276,88.8,98.8206025,93.566165957,4.2,31.3,11.5,33.3,22.1,7.4,31.3,45.8,22.9,29.5,45.5,68.3,25.4,45.8,18.8,,,,,,,10.7,59.4
"Naylor, Josh",647304,2026,0.276,0.409,0.338,0.134,0.327,87.8,99.057865294,93.685419069,5.3,38.3,14.1,31.1,13.5,7.9,45.6,31.1,23.3,20.5,53.4,75.3,35.4,43.7,20.9,,,,,,,9.8,50.1
"Happ, Ian",664023,2026,0.213,0.462,0.331,0.249,0.343,90.7,102.221716849,95.658997793,15.9,46.9,16.3,35.2,32.1,13.9,45.5,32.4,22.1,33.2,43.5,63.6,24.9,35.9,34.5,,,,,,,12.2,46.4
"Meadows, Parker",678009,2026,0.212,0.277,0.273,0.065,0.25,85.3,94.482146154,91.241073077,3.8,19.2,13.3,30.8,25.6,5.1,30.8,46.2,23.1,20.3,45.4,64.9,27.9,42.3,23.1,,,,,,,6.6,45.5
"Dezenzo, Zach",701305,2026,0.184,0.322,0.248,0.138,0.252,83.9,96.190862143,92.30125,14.3,28.6,9.2,42.9,37.3,7.8,50.0,14.3,35.7,35.2,42.5,55.8,29.1,42.9,21.4,,,,,,,10.4,43.0
"Crews, Dylan",686611,2026,0.255,0.454,0.3,0.2,0.326,91.3,101.777654,95.365344286,10.2,46.9,11.8,30.6,18.5,1.5,34.7,44.9,20.4,24.6,53.2,68.5,38.9,44.9,24.5,,,,,,,6.8,43.3
"Turner, Trea",607208,2026,0.241,0.364,0.294,0.123,0.29,89.3,99.112671188,93.692060198,5.4,40.1,10.6,33.2,21.6,6.7,31.7,37.1,31.2,26.5,51.4,69.9,35.2,47.0,29.7,,,,,,,9.5,67.8
"Melendez, MJ",669004,2026,0.162,0.326,0.279,0.164,0.276,93.5,102.188386897,96.012317544,12.1,53.4,24.3,27.6,31.8,9.3,51.7,31.0,17.2,33.5,47.8,67.5,29.8,24.1,46.6,,,,,,,13.9,60.0
"Gonzales, Nick",693304,2026,0.305,0.411,0.355,0.107,0.339,85.7,98.519396593,93.39394768,3.3,39.0,5.8,32.4,17.4,6.2,43.4,29.1,27.5,23.6,53.3,77.3,31.0,53.8,17.0,,,,,,,9.9,52.7
"Contreras, William",661388,2026,0.28,0.433,0.34,0.154,0.335,89.9,100.690447087,94.602454612,6.8,41.7,11.9,29.1,12.6,8.4,38.8,36.9,24.3,19.2,47.8,67.8,29.9,43.2,24.3,,,,,,,8.8,59.7
"Young, Cole",702284,2026,0.269,0.406,0.34,0.137,0.329,87.5,98.756715217,93.419113098,5.4,36.8,17.1,36.8,19.8,7.6,45.9,34.1,20.0,22.7,47.5,64.9,30.9,38.9,25.9,,,,,,,6.9,54.0
"Barger, Addison",680718,2026,0.131,0.185,0.294,0.054,0.256,89.0,101.06417375,94.880101875,0.0,50.0,16.7,25.0,25.0,17.9,31.3,50.0,18.8,23.1,43.7,58.1,35.5,37.5,43.8,,,,,,,5.0,52.2
"Grisham, Trent",663757,2026,0.246,0.445,0.356,0.2,0.353,90.3,100.360842706,94.601602899,12.4,43.8,17.2,34.3,16.3,14.7,40.8,39.1,20.1,16.6,35.2,54.6,15.7,38.5,31.4,,,,,,,13.0,61.1
"Mitchell, Garrett",669003,2026,0.224,0.406,0.345,0.182,0.334,92.8,104.393618958,96.914183053,14.6,51.0,4.8,30.2,35.7,14.3,31.3,40.6,28.1,37.5,41.9,65.3,19.7,55.2,18.8,,,,,,,10.5,60.2
"Vilade, Ryan",668723,2026,0.246,0.379,0.317,0.134,0.307,89.8,100.165311667,94.186150417,4.1,37.8,16.5,32.4,19.2,9.6,33.8,48.6,17.6,19.0,49.1,70.6,27.9,41.9,28.4,,,,,,,3.0,34.8
"Smith, Cam",701358,2026,0.243,0.44,0.331,0.197,0.337,89.0,102.107343467,95.33362047,12.8,44.0,10.7,31.3,27.1,10.1,32.0,38.7,29.3,31.5,46.0,64.7,29.4,46.0,25.3,,,,,,,10.6,42.8
"Edwards, Xavier",669364,2026,0.277,0.417,0.366,0.14,0.344,87.2,97.007452571,92.596793206,6.1,32.1,11.0,39.6,12.1,12.1,33.0,37.3,29.7,13.8,40.2,60.6,23.0,45.3,21.7,,,,,,,6.5,50.3
"Marsee, Jakob",805300,2026,0.214,0.306,0.345,0.092,0.304,86.7,97.862874103,92.988582129,3.8,35.4,19.3,29.2,22.6,14.0,37.9,34.8,27.3,19.0,39.2,57.1,22.5,35.4,26.1,,,,,,,6.4,48.3
"Jiménez, Eloy",650391,2026,0.214,0.289,0.279,0.076,0.256,89.2,98.972092308,93.9795348,4.0,44.0,5.6,32.0,20.0,8.6,52.0,20.0,28.0,29.9,51.5,70.6,39.2,48.0,20.0,,,,,,,6.3,42.4
"Rodríguez, Endy",682848,2026,0.211,0.386,0.386,0.176,0.353,89.9,98.715463333,93.624554138,13.8,41.4,29.1,41.4,23.6,21.8,31.0,41.4,27.6,22.3,42.0,64.8,21.8,17.2,41.4,,,,,,,9.9,50.6
"Narváez, Carlos",665966,2026,0.223,0.334,0.298,0.111,0.284,91.5,99.399918108,94.106603151,6.7,37.3,14.3,38.7,30.4,8.0,28.0,40.0,32.0,28.8,52.9,70.1,35.1,40.0,28.0,,,,,,,9.2,45.6
"Jackson, Jeremiah",669236,2026,0.257,0.409,0.278,0.151,0.297,89.6,101.064851029,94.824354559,8.0,40.9,7.4,30.7,20.2,2.2,42.3,35.0,22.6,26.6,59.1,78.8,37.6,52.6,24.1,,,,,,,9.6,61.9
"McLain, Matt",680574,2026,0.227,0.39,0.322,0.163,0.317,88.1,98.556530811,93.430778716,8.6,37.3,20.1,35.9,23.8,11.3,33.3,41.2,25.5,25.3,42.3,61.9,24.4,36.6,34.6,,,,,,,10.5,58.8
"Harris II, Michael",671739,2026,0.306,0.556,0.343,0.249,0.386,93.0,104.877790114,97.181489148,15.2,53.1,11.9,29.1,18.7,4.7,32.4,47.5,20.1,26.4,55.4,69.5,43.7,43.6,25.7,,,,,,,7.6,49.4
"Polanco, Jorge",593871,2026,0.219,0.32,0.283,0.101,0.27,87.3,98.184254783,93.223895778,4.4,33.3,10.9,40.0,18.0,8.2,46.7,31.1,22.2,20.0,46.9,64.6,32.8,37.8,22.2,,,,,,,5.0,47.3
"Castellanos, Nick",592206,2026,0.244,0.4,0.271,0.156,0.285,87.7,98.254014286,93.44007,8.4,37.3,13.0,42.2,27.9,4.1,55.4,27.7,16.9,33.5,57.0,77.9,40.2,32.5,37.3,,,,,,,15.6,46.4
"Norby, Connor",681393,2026,0.188,0.339,0.298,0.15,0.289,86.9,97.358807288,92.790324831,8.5,35.6,19.3,31.4,28.8,10.2,39.0,39.8,21.2,30.4,49.0,72.5,26.4,39.0,36.4,,,,,,,17.9,37.6
"Karros, Kyle",691720,2026,0.254,0.384,0.357,0.13,0.335,89.9,100.301007313,94.535343657,6.7,43.0,11.1,44.4,23.0,13.1,37.8,38.5,23.7,24.6,41.8,63.3,24.0,41.5,20.7,,,,,,,7.1,43.8
"Lowe, Nathaniel",663993,2026,0.277,0.525,0.354,0.249,0.377,89.4,102.028181837,95.26152051,14.3,43.7,13.3,42.7,23.7,10.3,42.7,33.0,24.3,21.9,43.8,63.1,26.2,42.7,24.3,,,,,,,8.3,58.7
"Straw, Myles",664702,2026,0.263,0.365,0.328,0.102,0.308,86.6,96.71794175,92.399895625,4.8,27.4,16.0,29.8,16.1,8.9,42.9,35.7,21.4,14.3,38.0,56.7,19.6,42.9,29.8,,,,,,,8.8,56.9
"Schuemann, Max",680474,2026,0.193,0.249,0.424,0.055,0.337,87.1,99.914238571,94.272605,0.0,50.0,23.1,35.7,21.4,28.6,14.3,50.0,35.7,31.5,40.0,71.2,15.8,50.0,28.6,,,,,,,10.8,47.7
"Gasper, Mickey",681508,2026,0.243,0.358,0.298,0.115,0.292,92.6,100.1095184,94.817125306,6.0,48.0,16.9,34.0,24.7,5.5,46.0,30.0,24.0,22.0,43.6,61.7,26.7,42.0,30.0,,,,,,,12.3,61.4
"O'Hearn, Ryan",656811,2026,0.27,0.434,0.348,0.165,0.344,90.0,99.575305833,94.413988881,7.0,44.1,12.3,31.5,19.9,9.7,39.2,32.2,28.7,22.1,44.1,60.1,30.4,44.8,28.7,,,,,,,12.3,45.2
"Hernaiz, Darell",687231,2026,0.216,0.272,0.299,0.056,0.263,84.4,95.461126458,91.806210947,1.0,24.7,14.0,30.9,17.2,9.7,25.8,38.1,36.1,22.8,50.7,68.5,35.7,42.3,23.7,,,,,,,6.4,40.4
"Pozo, Yohel",650968,2026,0.254,0.307,0.254,0.054,0.244,87.6,96.775120667,92.421824667,0.0,26.7,14.0,26.7,9.1,0.0,30.0,30.0,40.0,13.0,67.0,78.6,53.2,53.3,13.3,,,,,,,6.3,46.7
"O'Hoppe, Logan",681351,2026,0.189,0.326,0.28,0.137,0.276,86.5,98.814861667,93.460935729,11.5,36.5,16.6,27.1,23.8,8.8,44.8,27.1,28.1,29.7,49.0,69.6,32.9,41.7,31.3,,,,,,,13.9,58.4
"Carroll, Corbin",682998,2026,0.269,0.485,0.361,0.216,0.367,91.8,102.097001494,95.600572312,12.7,50.9,12.2,31.8,21.6,12.1,42.8,39.9,17.3,28.0,45.2,62.8,30.9,42.2,27.7,,,,,,,11.1,67.5
"Reyes, Felix",694025,2026,0.229,0.314,0.229,0.085,0.233,89.2,98.874941333,93.637018966,6.9,27.6,6.4,37.9,23.7,0.0,48.3,31.0,20.7,27.5,58.5,66.7,52.9,44.8,17.2,,,,,,,7.1,45.2
"Wisdom, Patrick",621550,2026,0.182,0.355,0.236,0.174,0.243,92.5,103.3594425,96.706293333,20.0,53.3,24.7,33.3,43.3,6.7,33.3,20.0,46.7,45.2,54.9,69.1,41.4,33.3,20.0,,,,,,,15.5,71.9
"Doyle, Brenton",686668,2026,0.195,0.275,0.269,0.08,0.248,87.8,99.149070882,93.661036119,5.9,35.2,6.7,25.4,32.8,9.0,40.8,46.5,12.7,32.2,53.4,73.9,35.4,56.3,19.7,,,,,,,11.7,58.4
"Dunn, Blake",694362,2026,0.24,0.326,0.288,0.086,0.274,88.3,99.581967742,93.885705161,4.4,30.0,12.9,37.1,20.8,5.2,24.3,52.9,22.9,28.1,48.6,64.2,32.7,48.6,18.6,,,,,,,3.7,34.4
"Kelenic, Jarred",672284,2026,0.257,0.526,0.333,0.269,0.368,95.5,103.545044706,97.090709394,24.2,54.5,14.8,42.4,33.9,10.2,24.2,48.5,27.3,37.1,46.5,67.6,27.1,36.4,36.4,,,,,,,12.9,54.7
"Workman, Gage",669398,2026,0.23,0.511,0.23,0.281,0.311,94.2,102.354927273,96.168068636,22.7,45.5,12.3,50.0,42.1,0.0,36.4,27.3,36.4,33.3,59.2,79.7,42.3,36.4,36.4,,,,,,,13.2,40.3
"Lile, Daylen",695734,2026,0.257,0.421,0.314,0.164,0.32,87.8,98.354755755,93.249990569,7.6,37.0,17.3,34.4,18.2,7.3,42.0,27.8,30.2,23.7,54.7,75.8,36.0,37.3,34.9,,,,,,,12.4,54.6
"Machado, Manny",592518,2026,0.225,0.392,0.306,0.168,0.306,89.8,100.889494588,94.839796272,8.2,42.9,10.9,30.0,23.3,10.5,42.9,32.9,24.1,25.3,48.5,68.3,30.5,44.1,23.5,,,,,,,6.5,51.9
"Torrens, Luis",620443,2026,0.227,0.346,0.28,0.119,0.278,89.1,98.971840976,93.732689756,4.8,41.2,6.2,29.4,22.5,4.2,27.1,43.5,29.4,24.9,48.7,65.0,34.8,58.8,18.8,,,,,,,7.1,53.2
"Murakami, Munetaka",808959,2026,0.221,0.532,0.363,0.312,0.38,94.2,104.957898167,97.767416,20.7,58.7,14.5,28.9,32.5,17.9,43.8,38.0,18.2,41.8,41.5,64.7,21.9,42.1,41.3,,,,,,,18.8,46.1
"Bell, Josh",605137,2026,0.228,0.402,0.287,0.174,0.3,90.0,100.154575581,94.390307733,9.9,42.4,14.6,34.3,24.4,7.1,45.9,32.0,22.1,26.6,51.4,74.8,31.5,39.0,26.7,,,,,,,9.5,53.0
"Burger, Jake",669394,2026,0.242,0.401,0.294,0.16,0.303,90.2,102.658584167,95.703055119,8.9,47.3,12.4,33.1,26.7,6.7,44.4,35.5,20.1,35.3,50.7,65.6,38.5,45.0,25.4,,,,,,,9.1,60.5
"Rutschman, Adley",668939,2026,0.292,0.487,0.371,0.195,0.376,90.4,100.597095584,94.82733451,9.8,47.4,16.0,39.0,13.7,10.3,37.7,40.9,21.4,14.2,41.6,58.4,26.2,37.7,30.5,,,,,,,7.6,45.0
"Moreno, Gabriel",672515,2026,0.28,0.475,0.356,0.195,0.368,89.7,100.234189818,94.348863455,10.9,47.3,12.9,40.0,19.2,9.0,36.4,25.5,38.2,17.7,44.1,55.5,34.2,40.0,29.1,,,,,,,9.1,41.6
"Arenado, Nolan",571448,2026,0.256,0.393,0.337,0.137,0.322,85.3,96.921835641,92.462906474,7.1,30.8,18.4,37.8,19.9,8.8,47.4,35.3,17.3,23.6,45.3,62.4,31.4,39.1,25.6,,,,,,,13.6,56.4
"Vientos, Mark",668901,2026,0.243,0.455,0.275,0.212,0.312,90.1,101.255444054,95.02295,10.2,45.6,14.9,32.0,22.8,3.5,36.7,41.5,21.8,31.2,55.8,75.7,37.5,44.2,31.3,,,,,,,13.0,61.0
"Realmuto, J.T.",592663,2026,0.256,0.39,0.341,0.134,0.327,89.0,98.995330536,93.931566396,4.5,42.3,10.9,31.5,17.8,8.3,42.3,34.2,23.4,22.9,46.3,62.8,31.5,44.1,30.6,,,,,,,12.9,55.6
"Jung, Josh",673962,2026,0.302,0.455,0.359,0.153,0.355,89.3,99.717462887,94.095680412,5.7,43.3,11.9,38.1,15.0,7.1,41.8,34.0,24.2,17.8,47.8,65.6,31.8,44.8,21.6,,,,,,,12.5,58.7
"Langeliers, Shea",669127,2026,0.284,0.541,0.35,0.256,0.38,91.6,102.81116567,95.70735658,15.0,44.6,20.8,36.8,18.7,7.8,39.4,35.2,25.4,26.0,51.4,73.8,32.4,33.2,31.1,,,,,,,11.8,62.2
"Merrill, Jackson",701538,2026,0.243,0.433,0.313,0.19,0.322,89.8,100.624989506,94.71355882,10.3,46.4,13.9,38.6,25.3,8.7,38.0,33.7,28.3,28.4,54.7,79.8,34.4,40.4,25.9,,,,,,,9.3,45.6
"France, Ty",664034,2026,0.25,0.45,0.296,0.2,0.323,91.3,102.132592174,95.855541209,12.1,48.9,7.5,32.6,23.5,5.3,35.9,42.4,21.7,29.5,54.0,73.2,34.3,54.3,20.7,,,,,,,8.8,41.2
"Taveras, Leody",665750,2026,0.241,0.343,0.335,0.102,0.307,86.4,97.519914068,92.804167436,3.9,26.8,15.7,33.1,21.9,11.5,33.1,40.2,26.8,25.3,46.7,67.4,29.6,44.1,20.5,,,,,,,7.9,43.0
"Kim, Hyeseong",808975,2026,0.261,0.341,0.333,0.08,0.304,85.8,95.588878636,91.838053563,3.4,25.3,9.1,42.5,23.7,9.2,32.2,43.7,24.1,27.0,47.4,64.5,29.2,47.1,19.5,,,,,,,8.2,38.8
"Gelof, Zack",680869,2026,0.226,0.385,0.28,0.16,0.291,88.3,99.004106897,93.610833652,7.6,39.5,16.0,27.7,24.3,6.4,41.2,38.7,20.2,27.1,46.5,66.9,23.2,45.4,24.4,,,,,,,14.9,61.6
"Rocchio, Brayan",677587,2026,0.256,0.37,0.341,0.114,0.319,86.8,97.395604091,92.739812514,3.4,32.8,12.0,33.0,12.2,8.8,42.9,34.1,23.1,23.4,48.3,67.6,32.2,45.1,22.5,,,,,,,8.8,51.8
"Ewing, A.J.",805999,2026,0.27,0.411,0.352,0.141,0.338,89.0,100.708870714,94.980101636,7.0,43.9,11.6,40.4,31.3,11.1,33.3,33.3,33.3,23.2,42.2,58.3,27.7,45.6,24.6,,,,,,,7.4,34.7
"Friedl, TJ",670770,2026,0.196,0.266,0.276,0.071,0.25,88.2,97.555078824,92.874162353,2.7,28.6,17.0,26.9,23.6,7.3,35.3,42.0,22.7,26.5,44.6,62.0,27.8,48.7,21.0,,,,,,,9.7,64.3
"Julien, Edouard",666397,2026,0.246,0.394,0.344,0.148,0.33,90.7,99.889015385,94.573000577,6.7,49.0,8.5,42.3,27.8,12.5,36.5,40.4,23.1,26.0,42.0,63.8,20.7,49.0,21.2,,,,,,,12.5,39.4
"Abrams, CJ",682928,2026,0.267,0.464,0.367,0.197,0.363,90.0,100.390299239,94.486596848,10.9,41.6,16.7,35.1,20.1,10.4,45.4,31.4,23.2,28.3,50.1,67.7,34.8,36.8,28.6,,,,,,,13.8,61.4
"Laureano, Ramón",657656,2026,0.222,0.409,0.303,0.187,0.312,88.0,99.9726525,94.305977731,14.3,41.2,12.1,37.0,31.6,9.7,35.3,33.6,31.1,31.1,50.5,70.9,32.7,41.2,31.1,,,,,,,14.8,46.8
"Burleson, Alec",676475,2026,0.295,0.531,0.365,0.236,0.383,91.4,101.6658805,95.3781422,10.0,48.0,12.4,34.2,15.2,9.3,45.5,30.2,24.3,21.2,49.3,65.1,35.1,44.1,28.2,,,,,,,12.1,57.1
"Muncy, Max",691777,2026,0.224,0.391,0.297,0.168,0.303,92.5,103.570102069,96.772631228,12.3,56.1,10.5,35.1,35.6,5.8,47.4,31.6,21.1,35.4,51.0,66.3,37.4,49.1,26.3,,,,,,,11.2,56.5
"Díaz, Elias",553869,2026,0.225,0.38,0.254,0.155,0.276,88.6,100.074291,94.35489,15.8,42.1,16.2,31.6,25.9,3.7,42.1,31.6,26.3,28.8,57.8,79.6,37.7,31.6,31.6,,,,,,,7.9,57.7
"Ohtani, Shohei",660271,2026,0.295,0.54,0.415,0.245,0.409,93.5,102.970393882,96.415365353,15.3,52.0,12.7,42.1,22.5,15.1,53.2,24.0,22.8,28.2,44.1,62.3,29.3,40.4,31.6,,,,,,,13.1,53.3
"Garcia, Jhostynxon",691373,2026,0.238,0.36,0.279,0.122,0.282,84.6,98.711569231,93.5757456,4.0,32.0,12.7,36.0,27.0,2.7,32.0,40.0,28.0,30.1,57.9,76.5,45.3,52.0,16.0,,,,,,,13.0,50.7
"Freeland, Alex",690976,2026,0.224,0.358,0.306,0.134,0.297,88.8,98.914415,93.524334643,8.0,36.4,10.1,35.2,27.5,9.9,31.8,43.2,25.0,27.8,40.0,58.2,22.3,51.1,27.3,,,,,,,9.5,48.7
"Alonso, Pete",624413,2026,0.272,0.514,0.35,0.242,0.37,95.0,103.441057684,97.082377407,12.2,56.1,14.7,32.3,22.5,10.6,34.4,42.3,23.3,27.4,44.3,65.6,26.6,42.3,31.7,,,,,,,10.3,56.5
"Del Castillo, Adrian",680728,2026,0.193,0.328,0.253,0.135,0.258,88.6,98.359233902,93.551461235,6.2,39.0,16.7,34.1,30.8,7.5,32.9,45.1,22.0,31.6,47.8,67.4,30.1,35.4,30.5,,,,,,,14.2,46.9
"Bogaerts, Xander",593428,2026,0.251,0.397,0.324,0.146,0.319,88.0,99.34702875,93.838062784,6.8,36.7,8.2,29.9,18.6,9.3,49.7,30.5,19.8,22.6,43.9,61.9,26.8,50.8,25.4,,,,,,,11.6,54.1
"Espinal, Santiago",669289,2026,0.255,0.349,0.266,0.094,0.267,85.8,95.956833333,92.078753902,2.3,29.5,14.8,43.2,13.5,1.9,29.5,47.7,22.7,19.6,49.8,64.4,35.6,40.9,25.0,,,,,,,9.6,63.2
"Riley, Austin",663586,2026,0.215,0.401,0.292,0.186,0.305,91.0,101.833686988,95.295362892,10.2,44.6,19.1,30.1,28.4,7.8,44.0,30.1,25.9,31.5,47.3,65.8,32.3,39.2,31.3,,,,,,,11.7,46.6
"Neto, Zach",687263,2026,0.21,0.409,0.32,0.198,0.322,89.8,98.887466125,93.789949623,11.8,37.3,22.6,36.6,30.2,11.8,49.1,31.7,19.3,30.3,49.6,71.0,32.1,31.7,37.3,,,,,,,21.4,38.5
"Bart, Joey",663698,2026,0.208,0.347,0.243,0.139,0.256,86.9,99.359237895,93.712531579,7.9,36.8,15.2,39.5,33.9,3.2,36.8,39.5,23.7,27.4,46.3,61.7,32.6,36.8,39.5,,,,,,,10.3,46.5
"Okamoto, Kazuma",672960,2026,0.227,0.444,0.31,0.217,0.33,92.4,103.236832632,96.341761589,14.6,51.0,16.8,33.1,31.9,9.5,49.7,33.1,17.2,33.7,44.8,65.3,25.8,40.4,29.8,,,,,,,15.1,56.4
"Dingler, Dillon",693307,2026,0.297,0.575,0.377,0.278,0.408,90.5,101.65498012,95.544012048,13.9,50.3,16.8,42.5,19.3,9.1,41.9,37.7,20.4,20.8,47.1,62.9,33.0,34.7,31.7,,,,,,,13.0,56.7
"Trout, Mike",545361,2026,0.257,0.565,0.417,0.307,0.416,91.7,103.713028354,96.477362152,20.9,51.6,20.2,35.8,24.2,20.5,40.9,34.6,24.5,22.4,37.7,60.0,18.3,34.0,36.5,,,,,,,7.8,49.3
"Haase, Eric",606992,2026,0.252,0.518,0.3,0.266,0.349,86.9,98.7345925,93.511681875,21.9,34.4,17.2,37.5,25.5,6.4,37.5,37.5,25.0,36.0,50.6,69.0,32.6,43.8,25.0,,,,,,,12.0,64.5
"Allen, Nick",669397,2026,0.222,0.283,0.267,0.061,0.248,84.9,96.472844,92.45060102,1.9,30.8,16.4,19.2,20.0,4.3,34.6,50.0,15.4,28.0,46.5,67.9,22.5,46.2,25.0,,,,,,,7.9,56.3
"Marte, Ketel",606466,2026,0.299,0.51,0.351,0.211,0.371,90.8,102.874970196,95.648519118,11.2,44.2,10.6,33.5,15.4,7.5,52.4,28.2,19.4,21.3,48.7,66.0,33.7,43.2,25.7,,,,,,,9.3,59.1
"Ramos, Heliot",671218,2026,0.27,0.448,0.311,0.178,0.326,92.0,103.573738103,96.319038621,13.8,48.7,7.9,33.6,26.7,5.7,35.3,42.0,22.7,28.8,54.5,74.8,37.2,52.1,21.8,,,,,,,7.3,48.2
"Pereira, Everson",677592,2026,0.232,0.431,0.293,0.199,0.313,87.8,100.295458636,94.282218182,11.4,43.2,12.7,40.9,29.6,5.6,38.6,34.1,27.3,37.3,59.9,80.2,42.1,45.5,25.0,,,,,,,13.9,66.7
"Jones, Jahmai",663330,2026,0.239,0.408,0.318,0.169,0.32,91.2,101.951415,95.324523269,9.6,46.2,15.3,32.7,29.9,10.3,50.0,38.5,11.5,29.2,48.6,72.1,28.2,36.5,30.8,,,,,,,12.2,56.8
"Witt Jr., Bobby",677951,2026,0.301,0.519,0.377,0.218,0.385,93.2,103.711062157,96.545092549,13.7,51.9,16.8,38.9,18.7,10.2,27.9,42.3,29.8,24.9,48.3,66.7,33.8,34.6,28.8,,,,,,,5.0,43.0
"Peraza, Oswald",672724,2026,0.261,0.422,0.317,0.16,0.324,88.2,100.239695538,94.185094961,9.7,37.0,11.5,40.0,25.4,4.5,35.6,40.7,23.7,30.5,55.6,75.5,37.7,45.2,22.2,,,,,,,7.3,50.1
"Kreidler, Ryan",668952,2026,0.225,0.404,0.319,0.179,0.32,86.8,98.243422273,93.240820698,7.0,30.2,12.6,32.6,22.7,10.6,44.2,39.5,16.3,31.7,51.9,75.6,28.0,46.5,23.3,,,,,,,13.5,71.3
"Stevens, Chad",677060,2026,0.134,0.216,0.28,0.082,0.24,81.8,94.8961975,91.701072,6.7,26.7,11.2,46.7,31.0,17.2,33.3,33.3,33.3,26.6,50.4,69.4,38.5,40.0,33.3,,,,,,,5.1,38.9
"Matthews, Brice",694728,2026,0.19,0.33,0.248,0.14,0.258,88.3,100.29420234,94.42605172,7.1,39.4,11.2,31.3,32.9,6.7,38.4,45.5,16.2,37.3,46.1,66.7,25.2,50.5,24.2,,,,,,,13.6,51.3
"Freeman, Tyler",671289,2026,0.279,0.374,0.36,0.095,0.332,87.3,97.943630333,92.995718667,1.6,33.6,9.9,33.6,11.5,4.8,38.3,34.4,27.3,11.2,47.4,67.9,27.5,53.1,18.8,,,,,,,2.7,32.3
"Jeffers, Ryan",680777,2026,0.261,0.498,0.385,0.236,0.389,91.2,102.146176667,95.511711287,15.8,43.6,21.0,37.6,15.5,15.5,40.6,32.7,26.7,16.5,38.4,56.0,23.3,31.7,31.7,,,,,,,9.0,51.9
"Higgins, P.J.",664731,2026,0.265,0.314,0.312,0.049,0.28,83.0,91.235761111,90.052117059,0.0,10.5,26.9,52.6,27.6,6.9,42.1,21.1,36.8,28.3,39.3,59.0,17.9,26.3,31.6,,,,,,,11.1,46.2
"Varsho, Daulton",662139,2026,0.252,0.36,0.327,0.109,0.304,86.0,98.517898916,93.263991867,6.0,38.3,13.7,35.9,19.1,9.3,35.9,40.1,24.0,20.5,52.5,73.8,35.4,39.5,22.2,,,,,,,8.9,56.4
"Soderstrom, Tyler",691016,2026,0.246,0.418,0.338,0.172,0.33,89.9,101.448474111,94.949928436,11.2,43.9,13.3,28.3,18.8,11.9,37.2,41.1,21.7,21.6,47.2,69.0,28.1,45.0,30.0,,,,,,,10.2,53.2
"O'Neill, Tyler",641933,2026,0.175,0.292,0.278,0.117,0.263,87.3,98.161837105,93.1784724,4.0,36.0,25.1,29.3,25.0,10.8,46.7,34.7,18.7,32.0,47.0,69.5,28.1,29.3,40.0,,,,,,,15.9,55.2
"Benge, Carson",701807,2026,0.286,0.472,0.344,0.186,0.355,90.4,100.823336047,94.925386433,9.9,45.6,10.9,42.7,21.4,7.0,28.1,42.7,29.2,21.4,44.8,63.1,27.0,42.7,25.1,,,,,,,4.2,40.3
"Rafaela, Ceddanne",678882,2026,0.246,0.363,0.311,0.118,0.301,87.1,97.835995062,92.972927593,6.8,37.0,10.1,37.6,20.6,6.0,35.2,35.2,29.7,24.3,51.1,66.4,37.6,42.4,24.8,,,,,,,9.9,54.9
"Soto, Juan",665742,2026,0.285,0.596,0.375,0.312,0.404,92.9,102.58991027,96.28865449,16.2,49.0,15.3,28.2,14.6,12.6,37.6,43.6,18.8,21.7,40.5,60.7,21.4,41.6,36.9,,,,,,,13.7,64.5
"Clement, Ernie",676391,2026,0.261,0.356,0.283,0.095,0.278,85.7,95.343236991,91.672364381,2.6,25.8,15.3,31.9,9.2,3.1,45.4,37.6,17.0,15.1,57.3,70.6,44.8,39.7,25.8,,,,,,,12.2,62.1
"Fermín, José",665877,2026,0.215,0.291,0.284,0.075,0.261,85.6,96.532564571,92.304973714,1.4,31.4,19.0,20.0,16.0,8.5,50.0,28.6,21.4,13.5,38.7,54.0,23.6,40.0,20.0,,,,,,,9.1,66.9
"Diaz, Yainer",673237,2026,0.238,0.323,0.259,0.086,0.257,87.8,98.070181818,93.218702874,3.4,28.7,5.9,23.0,15.1,2.8,28.7,43.7,27.6,23.4,58.1,76.1,42.9,57.5,18.4,,,,,,,7.2,54.5
"Loperfido, Joey",694388,2026,0.232,0.302,0.31,0.069,0.279,90.0,98.904521,93.788601,5.0,40.0,7.6,35.0,28.8,9.1,32.5,45.0,22.5,35.9,48.5,66.7,31.2,65.0,15.0,,,,,,,15.8,36.8
"Contreras, Willson",575929,2026,0.278,0.537,0.381,0.258,0.399,90.6,103.369992468,95.920687712,15.7,44.5,16.5,34.2,24.9,9.9,51.6,31.6,16.8,30.3,48.0,65.8,33.4,40.0,25.2,,,,,,,11.1,51.8
"Bolte, Henry",703607,2026,0.21,0.272,0.309,0.063,0.271,91.6,104.31203913,97.048331304,0.0,53.2,3.0,19.1,27.8,8.9,34.0,38.3,27.7,34.0,51.3,73.7,30.3,63.8,23.4,,,,,,,7.6,50.0
"Amaya, Miguel",665804,2026,0.195,0.309,0.336,0.114,0.303,85.8,96.592054242,92.296027121,7.5,26.9,20.3,28.4,21.6,12.6,38.8,35.8,25.4,27.5,42.5,63.5,26.9,38.8,34.3,,,,,,,12.4,54.9
"Donovan, Brendan",680977,2026,0.263,0.384,0.38,0.121,0.345,85.9,96.905916471,92.458882059,4.4,32.9,14.8,38.6,14.9,10.9,40.0,40.0,20.0,20.4,42.7,62.7,25.3,41.4,24.3,,,,,,,10.1,67.6
"Suárez, Eugenio",553993,2026,0.206,0.341,0.287,0.134,0.28,86.1,97.914840238,92.968784286,8.3,25.0,21.1,36.4,31.3,10.0,44.3,30.7,25.0,33.1,45.8,63.4,30.0,38.6,23.9,,,,,,,17.1,47.3
"Ballesteros, Moisés",694208,2026,0.238,0.395,0.316,0.158,0.316,90.8,101.30034,95.131154259,10.2,47.2,11.5,34.3,20.5,10.3,33.3,38.0,28.7,28.2,49.4,69.4,35.4,45.4,23.1,,,,,,,8.9,58.8
"Pauley, Graham",688363,2026,0.15,0.223,0.197,0.073,0.19,83.3,94.104975,91.218145873,3.1,18.8,23.2,29.7,24.2,5.5,46.9,37.5,15.6,23.0,43.8,64.6,25.1,35.9,32.8,,,,,,,13.3,56.8
"Williamson, Ben",810938,2026,0.252,0.332,0.339,0.08,0.305,88.8,99.40984449,93.859472653,1.0,40.0,3.4,32.0,20.4,10.9,28.0,38.0,34.0,18.0,40.3,53.2,29.0,57.0,12.0,,,,,,,2.9,35.1
"Caglianone, Jac",695506,2026,0.262,0.458,0.337,0.196,0.347,93.9,106.58337,98.431257405,15.3,59.5,8.1,36.6,29.8,8.7,38.9,42.7,18.3,32.0,47.8,66.2,33.2,41.2,24.4,,,,,,,10.5,44.4
"Harris, Dustin",687957,2026,0.286,0.356,0.381,0.07,0.334,83.7,93.693081111,90.948051389,0.0,15.8,15.8,44.7,13.5,11.5,55.3,36.8,7.9,13.8,42.3,54.5,31.7,39.5,21.1,,,,,,,13.0,43.5
"Schmitt, Casey",669477,2026,0.277,0.508,0.309,0.231,0.348,89.8,100.725919674,94.715278967,13.6,44.3,21.2,36.8,19.9,2.8,42.2,36.2,21.6,22.9,52.6,70.0,35.8,31.9,35.1,,,,,,,10.5,51.0
"Aranda, Jonathan",666018,2026,0.264,0.482,0.381,0.218,0.377,90.8,101.113414074,94.976774472,12.4,46.6,15.5,38.5,24.7,14.8,29.2,46.0,24.8,21.9,43.3,61.0,28.1,36.0,33.5,,,,,,,9.1,54.4
"Soler, Jorge",624585,2026,0.221,0.39,0.302,0.169,0.306,87.9,101.32436507,94.75569844,11.3,41.1,14.0,36.2,31.3,9.1,51.8,28.4,19.9,35.1,47.1,67.7,28.2,40.4,24.8,,,,,,,12.0,52.3
"Arozarena, Randy",668227,2026,0.268,0.425,0.365,0.158,0.353,91.5,100.432418022,94.826476298,7.7,42.3,7.9,38.5,22.3,9.6,35.2,36.8,28.0,27.2,47.7,64.8,32.4,51.1,20.3,,,,,,,7.9,60.0
"Goldschmidt, Paul",502671,2026,0.278,0.493,0.356,0.215,0.369,87.7,100.246430196,94.405117059,11.8,42.2,14.6,37.3,19.7,8.8,34.3,32.4,33.3,24.3,48.1,65.3,31.8,43.1,22.5,,,,,,,11.3,48.9
"Schneider, Davis",676914,2026,0.155,0.251,0.318,0.097,0.276,86.7,99.6742995,94.5978455,9.8,41.5,24.6,29.3,34.8,19.1,43.9,26.8,29.3,32.0,36.9,56.8,19.7,39.0,34.1,,,,,,,17.9,46.7
"Fulford, Braxton",690924,2026,0.153,0.287,0.212,0.134,0.218,87.0,96.297141429,92.148570714,6.7,26.7,35.4,26.7,34.6,7.7,13.3,33.3,53.3,38.6,43.1,62.8,28.8,20.0,40.0,,,,,,,13.0,64.1
"Vaughn, Andrew",683734,2026,0.294,0.402,0.356,0.108,0.337,90.1,99.383079722,94.375908056,2.8,44.4,8.8,36.1,11.1,6.7,33.3,36.1,30.6,18.8,45.6,65.6,25.6,47.2,19.4,,,,,,,7.6,47.8
"Jones, Spencer",682987,2026,0.188,0.276,0.266,0.088,0.247,96.8,104.049875,98.326704667,0.0,73.3,12.9,26.7,41.9,9.7,26.7,46.7,26.7,34.9,56.8,80.0,38.3,46.7,26.7,,,,,,,9.7,30.7
"Marsh, Brandon",669016,2026,0.304,0.469,0.337,0.166,0.345,90.5,100.586627037,94.734356296,8.0,47.6,12.8,47.0,22.8,4.8,35.4,37.8,26.8,22.5,52.8,69.5,37.0,40.9,25.0,,,,,,,9.0,44.1
"Urías, Ramón",602104,2026,0.186,0.374,0.305,0.189,0.306,89.5,98.923815652,93.632823261,10.9,37.0,17.7,30.4,17.6,8.8,28.3,47.8,23.9,23.5,48.5,71.4,25.4,39.1,34.8,,,,,,,12.0,76.5
"Fortes, Nick",663743,2026,0.246,0.32,0.284,0.074,0.269,86.8,100.137890317,94.2295724,0.8,40.6,7.4,22.7,12.8,2.6,52.3,33.6,14.1,15.2,52.8,68.8,38.3,54.7,16.4,,,,,,,3.6,39.6
"McKinstry, Zach",656716,2026,0.199,0.272,0.285,0.074,0.255,84.6,94.764593333,91.408844167,2.0,21.2,13.7,28.3,18.6,10.7,40.4,28.3,31.3,16.2,49.9,68.5,28.0,47.5,26.3,,,,,,,8.2,43.5
"Santana, Carlos",467793,2026,0.141,0.192,0.208,0.051,0.187,87.8,98.43934875,93.358594375,0.0,43.8,29.5,25.0,30.8,7.7,43.8,31.3,25.0,29.6,50.9,68.0,35.7,25.0,31.3,,,,,,,15.4,58.3
"Wells, Austin",669224,2026,0.213,0.36,0.32,0.147,0.301,89.3,100.3449376,94.518035859,6.9,44.6,18.6,31.7,26.6,13.6,48.5,27.7,23.8,29.0,46.8,67.7,28.6,36.6,33.7,,,,,,,12.5,52.8
"McMahon, Ryan",641857,2026,0.218,0.369,0.273,0.151,0.282,90.6,101.823625769,95.408262885,9.5,49.1,12.7,29.2,31.4,7.0,35.8,36.8,27.4,31.6,46.7,62.1,31.3,44.3,34.0,,,,,,,10.1,54.2
"Carter, Evan",694497,2026,0.198,0.337,0.311,0.14,0.294,87.9,99.306946563,93.75091875,7.5,38.3,19.1,31.6,23.8,12.6,36.8,38.3,24.8,26.0,40.6,60.9,20.0,36.1,34.6,,,,,,,8.0,43.8
"Quero, Edgar",700337,2026,0.203,0.279,0.285,0.076,0.259,90.4,97.994983696,93.411172717,2.1,32.3,9.4,27.1,24.5,8.2,34.4,42.7,22.9,25.2,49.1,72.5,28.4,52.1,27.1,,,,,,,5.2,51.7
"Yorke, Nick",694377,2026,0.243,0.362,0.321,0.119,0.306,89.3,102.009938333,95.389052333,5.0,48.3,6.7,26.7,19.8,8.1,26.7,46.7,26.7,18.7,47.5,68.2,28.4,53.3,26.7,,,,,,,1.9,30.7
"Mayer, Marcelo",691785,2026,0.201,0.292,0.268,0.091,0.257,86.8,98.155320149,93.11583797,6.0,37.0,9.4,27.4,17.9,6.5,37.0,36.3,26.7,26.2,51.0,74.6,28.9,51.1,26.7,,,,,,,8.5,42.9
"Sánchez, Gary",596142,2026,0.219,0.437,0.368,0.218,0.359,88.2,100.273332368,94.263090395,10.5,35.5,16.7,23.7,20.6,17.5,42.1,38.2,19.7,27.9,35.8,53.7,20.6,39.5,27.6,,,,,,,10.2,60.6
"Pagés, Pedro",686780,2026,0.222,0.369,0.263,0.147,0.276,86.6,98.919584773,93.522548621,6.6,37.0,14.5,30.4,23.8,3.8,39.1,34.8,26.1,27.6,49.8,63.2,37.5,43.5,32.6,,,,,,,11.4,45.4
"Martínez, Angel",682657,2026,0.247,0.391,0.285,0.144,0.295,87.6,99.458638101,93.866004684,7.4,34.4,14.6,34.8,21.5,2.7,43.9,36.0,20.1,18.9,55.4,67.7,44.1,42.7,26.2,,,,,,,10.4,49.3
"Chisholm Jr., Jazz",665862,2026,0.212,0.36,0.288,0.148,0.288,89.5,99.511375946,94.011856463,7.3,38.8,15.5,29.6,29.0,9.3,52.6,27.6,19.7,31.8,44.2,60.8,29.1,42.8,30.3,,,,,,,14.7,61.2
"House, Brady",691781,2026,0.251,0.427,0.306,0.176,0.32,89.0,101.529832982,94.974559115,10.6,43.0,5.5,28.9,28.2,7.3,36.0,43.9,20.2,33.0,52.2,73.1,33.5,50.9,27.2,,,,,,,9.8,47.4
"Sánchez, Jesús",660821,2026,0.293,0.487,0.328,0.195,0.349,91.7,102.076433151,95.482190548,11.6,47.6,10.9,34.7,20.6,3.5,32.7,41.5,25.9,24.6,55.4,72.5,39.7,43.5,25.2,,,,,,,7.2,51.3
"Mead, Curtis",678554,2026,0.27,0.481,0.375,0.211,0.375,89.5,100.71406377,94.598893197,10.7,45.9,15.4,37.7,17.8,13.3,47.5,30.3,22.1,16.3,41.4,59.2,24.6,36.9,34.4,,,,,,,5.3,47.3
"Rushing, Dalton",687221,2026,0.277,0.486,0.354,0.21,0.366,88.3,101.075981892,94.639829041,10.8,40.5,17.5,36.5,23.9,8.0,41.9,33.8,24.3,29.6,51.0,72.0,32.1,32.4,27.0,,,,,,,13.0,56.9
"DeLuca, Jonny",676356,2026,0.252,0.35,0.282,0.099,0.277,85.5,97.701753696,92.958317473,3.2,29.8,12.6,29.8,20.8,4.0,43.6,31.9,24.5,26.3,52.3,68.6,37.6,42.6,21.3,,,,,,,5.7,53.6
"Stott, Bryson",681082,2026,0.249,0.399,0.301,0.149,0.306,89.9,99.383376145,93.979652788,7.8,40.7,16.2,32.3,17.3,6.4,40.1,39.5,20.4,17.5,43.4,55.0,32.0,41.9,28.7,,,,,,,10.8,60.2
"Grichuk, Randal",545341,2026,0.31,0.565,0.331,0.255,0.382,90.5,101.267045455,95.204863231,13.8,44.6,15.1,47.7,23.6,2.2,41.5,33.8,24.6,24.2,48.8,63.6,33.8,38.5,33.8,,,,,,,8.8,63.1
"Sosa, Edmundo",624641,2026,0.285,0.457,0.318,0.172,0.334,87.3,99.767765946,94.070374384,8.2,39.7,9.4,32.9,23.3,2.9,39.7,43.8,16.4,24.4,60.8,70.5,53.4,47.9,15.1,,,,,,,11.0,57.6
"Ruiz, Keibert",660688,2026,0.219,0.359,0.249,0.14,0.264,90.0,98.847178182,93.671108991,6.4,40.9,17.4,31.8,14.2,3.0,63.6,25.5,10.9,14.5,49.1,61.7,36.2,41.8,34.5,,,,,,,11.9,63.4
"Meyers, Jake",676694,2026,0.214,0.34,0.275,0.126,0.272,85.3,96.026898889,92.070703662,7.0,28.2,13.8,28.2,21.0,7.0,39.4,31.0,29.6,22.2,53.6,75.3,34.4,45.1,26.8,,,,,,,7.8,51.2
"Báez, Javier",595879,2026,0.272,0.361,0.303,0.089,0.294,84.7,96.147375484,92.125130323,3.2,28.6,10.2,46.0,19.5,2.4,41.3,39.7,19.0,27.5,59.9,72.8,50.9,44.4,19.0,,,,,,,8.3,56.0
"Stewart, Sal",701398,2026,0.258,0.475,0.354,0.217,0.359,90.7,100.949244157,94.827700843,15.2,41.1,14.4,35.7,20.9,12.2,29.2,37.8,33.0,26.8,47.8,69.3,27.9,44.3,27.6,,,,,,,11.2,56.3
"Refsnyder, Rob",608701,2026,0.166,0.308,0.244,0.142,0.257,86.8,98.155396552,93.095242931,8.6,34.5,20.6,25.9,29.8,6.4,46.6,24.1,29.3,26.8,43.4,64.8,23.5,36.2,32.8,,,,,,,11.5,59.3
"Barrosa, Jorge",678489,2026,0.144,0.223,0.218,0.079,0.204,85.4,94.155426333,91.129877797,6.1,19.7,17.9,34.8,29.9,7.5,42.4,42.4,15.2,27.5,43.7,58.1,31.3,43.9,25.8,,,,,,,14.4,54.7
"Busch, Michael",683737,2026,0.234,0.403,0.361,0.169,0.341,88.2,99.256166395,93.930862982,11.0,41.9,15.1,31.4,23.3,15.0,36.0,36.6,27.3,26.7,41.7,61.6,25.2,41.3,34.9,,,,,,,16.3,52.5
"Hernández, Teoscar",606192,2026,0.259,0.437,0.336,0.178,0.339,89.8,100.610986719,94.565144094,11.0,45.3,12.4,34.4,27.0,9.3,35.2,39.1,25.8,29.1,45.0,65.6,26.1,45.3,27.3,,,,,,,11.0,51.5
"Steer, Spencer",668715,2026,0.273,0.502,0.357,0.229,0.373,89.7,99.586422439,94.153156098,13.4,39.4,17.0,41.2,20.2,10.1,48.8,30.6,20.6,23.9,44.1,64.9,24.4,38.8,31.2,,,,,,,12.5,58.6
"Stanton, Giancarlo",519317,2026,0.245,0.466,0.292,0.221,0.326,94.1,104.792676774,97.001259672,18.0,44.3,21.5,37.7,30.2,6.3,39.3,42.6,18.0,38.7,45.1,62.5,30.3,29.5,27.9,,,,,,,11.6,72.3
"Pederson, Joc",592626,2026,0.253,0.416,0.364,0.163,0.35,91.7,101.799512222,95.336858651,9.4,48.0,14.1,33.9,20.3,13.7,40.9,33.1,26.0,29.7,44.2,61.8,26.4,40.2,27.6,,,,,,,9.3,54.1
"Sanoja, Javier",691594,2026,0.23,0.298,0.282,0.069,0.261,87.5,97.587728136,92.864809407,1.7,32.2,10.2,29.8,12.1,6.7,47.1,36.4,16.5,13.4,51.7,61.8,42.6,47.1,16.5,,,,,,,5.0,51.9
"Torres, Bryan",663494,2026,0.288,0.427,0.373,0.139,0.355,84.2,93.818009333,91.463124828,6.5,21.9,8.4,37.5,15.9,11.4,37.5,31.3,31.3,21.3,43.4,56.6,31.1,50.0,21.9,,,,,,,7.6,54.8
"Bohm, Alec",664761,2026,0.244,0.354,0.304,0.11,0.295,90.5,99.917063789,94.322338,3.7,42.4,11.1,35.6,14.3,6.9,26.7,49.7,23.6,17.1,43.6,64.2,23.7,46.6,20.9,,,,,,,5.5,49.6
"Siri, Jose",642350,2026,0.254,0.437,0.299,0.183,0.319,84.3,98.587908182,93.575727619,18.2,36.4,18.3,40.9,29.4,5.9,36.4,36.4,27.3,37.5,55.4,67.8,45.1,36.4,31.8,,,,,,,14.1,50.8
"Thompson, Sterlin",694514,2026,0.233,0.315,0.336,0.082,0.301,87.6,100.032367778,94.188074857,0.0,42.9,7.1,31.4,19.2,9.6,45.7,31.4,22.9,23.5,47.7,74.7,26.1,54.3,20.0,,,,,,,7.6,43.5
"Keaschall, Luke",807712,2026,0.226,0.324,0.302,0.098,0.28,84.1,96.075563118,92.061842378,2.7,27.4,16.6,34.4,15.3,8.4,33.9,33.3,32.8,15.7,42.2,60.5,24.7,38.7,27.4,,,,,,,10.0,52.3
"Marte, Starling",516782,2026,0.25,0.418,0.311,0.167,0.319,92.0,102.593164091,96.001924651,15.6,40.0,9.0,35.6,30.1,5.5,31.1,48.9,20.0,29.2,49.5,65.7,32.1,44.4,22.2,,,,,,,9.0,44.1
"Hoskins, Rhys",656555,2026,0.179,0.332,0.341,0.153,0.313,88.4,100.290274468,94.444022473,12.9,44.1,23.5,33.3,27.7,19.2,57.0,21.5,21.5,30.0,40.8,65.1,20.4,31.2,35.5,,,,,,,16.2,58.2
"Lowe, Josh",666139,2026,0.204,0.358,0.244,0.154,0.263,88.6,98.311858605,93.295981294,8.0,34.1,18.5,29.5,29.1,4.5,33.0,45.5,21.6,28.6,55.3,73.7,37.0,36.4,35.2,,,,,,,12.0,47.4
"Vargas, Miguel",678246,2026,0.259,0.523,0.386,0.264,0.393,89.8,101.049332174,94.922232717,14.1,45.7,19.2,40.2,17.4,15.2,40.8,31.5,27.7,20.5,44.0,70.1,19.3,32.6,35.3,,,,,,,11.8,63.8
"Suzuki, Seiya",673548,2026,0.249,0.425,0.338,0.176,0.33,89.2,100.693004118,94.509692941,8.8,41.2,17.9,36.0,25.3,10.6,39.0,34.6,26.5,26.5,42.0,61.4,23.8,35.3,26.5,,,,,,,9.1,52.2
"Wilson, Weston",642215,2026,0.198,0.322,0.323,0.124,0.297,86.7,97.982811429,93.176272593,3.7,35.7,22.7,32.1,23.9,13.0,50.0,21.4,28.6,29.5,44.9,62.9,27.3,39.3,28.6,,,,,,,16.0,60.0
"Conforto, Michael",624424,2026,0.26,0.494,0.365,0.234,0.372,94.0,102.862039333,96.562775254,15.3,54.2,18.7,39.0,28.8,14.4,42.4,42.4,15.3,32.6,42.7,62.8,24.9,33.9,37.3,,,,,,,12.1,52.0
"Waldschmidt, Ryan",814439,2026,0.256,0.396,0.306,0.14,0.307,87.6,99.29177871,93.69704129,9.7,40.3,16.2,56.5,33.3,6.7,37.1,38.7,24.2,34.7,44.2,61.8,25.1,27.4,27.4,,,,,,,9.7,40.8
"Duran, Ezequiel",677649,2026,0.266,0.384,0.325,0.118,0.316,90.3,100.0363075,94.266484118,5.8,39.3,11.0,35.7,23.2,7.9,36.4,37.9,25.7,29.5,48.9,63.9,36.0,47.1,20.7,,,,,,,6.8,44.0
"Chourio, Jackson",694192,2026,0.244,0.497,0.306,0.253,0.344,92.7,103.187761591,96.282027701,17.2,49.4,13.1,33.3,26.9,8.2,27.6,44.8,27.6,24.4,45.5,58.2,34.9,42.5,33.3,,,,,,,9.1,66.5
"Duran, Jarren",680776,2026,0.232,0.395,0.294,0.163,0.302,90.6,102.212875802,95.357782112,11.7,40.6,14.4,30.9,28.2,6.9,43.6,33.9,22.4,34.5,47.2,62.0,34.3,45.5,21.2,,,,,,,7.1,48.1
"Crawford, J.P.",641487,2026,0.255,0.421,0.38,0.166,0.358,88.3,98.642567162,93.441194762,9.4,36.7,12.6,39.3,18.9,14.6,38.7,32.7,28.7,17.3,37.7,55.9,19.9,47.3,22.0,,,,,,,8.0,47.5
"Jansen, Danny",643376,2026,0.167,0.273,0.274,0.106,0.254,87.7,97.328380476,92.77681253,6.0,33.3,22.3,21.4,28.2,9.2,57.1,28.6,14.3,25.5,44.7,65.3,23.8,39.3,28.6,,,,,,,15.9,59.3
"Rumfield, TJ",681198,2026,0.256,0.411,0.336,0.155,0.33,85.3,97.7672225,92.916137923,7.1,35.3,13.4,39.1,15.3,9.2,47.8,28.3,23.9,19.4,50.8,73.0,32.2,42.9,25.5,,,,,,,10.3,48.7
"Pérez, Wenceel",672761,2026,0.204,0.349,0.267,0.145,0.272,87.4,97.926835556,93.05991888,7.2,34.4,15.9,23.2,16.4,7.9,45.6,28.8,25.6,17.7,48.0,67.3,28.6,43.2,30.4,,,,,,,7.6,49.8
"Torkelson, Spencer",679529,2026,0.213,0.406,0.313,0.193,0.318,90.6,100.398108261,94.734130145,13.8,44.6,19.6,46.0,31.9,11.2,47.5,31.7,20.9,29.7,42.2,63.6,21.6,29.5,38.1,,,,,,,15.3,53.1
"Hernández, Heriberto",681715,2026,0.26,0.468,0.339,0.208,0.353,90.8,101.238036429,94.956612381,9.5,45.2,11.9,32.1,24.2,9.4,45.2,36.9,17.9,31.9,45.6,69.3,25.9,44.0,26.2,,,,,,,12.8,67.7
"Manzardo, Kyle",700932,2026,0.227,0.401,0.315,0.174,0.316,88.6,99.084217091,93.844029091,12.5,41.1,17.4,35.7,33.2,9.9,44.6,43.8,11.6,30.7,45.8,62.8,31.1,36.6,31.3,,,,,,,17.9,49.7
"Fermin, Freddy",666023,2026,0.19,0.273,0.282,0.083,0.257,86.3,96.001480976,92.000740488,2.4,25.9,14.5,29.4,21.4,9.5,42.4,34.1,23.5,25.8,50.2,70.8,33.3,42.4,28.2,,,,,,,12.3,53.7
"Marte, Noelvi",682622,2026,0.179,0.207,0.261,0.028,0.222,86.5,97.375054615,92.8795848,0.0,28.0,0.5,16.0,27.5,10.0,56.0,36.0,8.0,29.8,53.5,71.7,42.3,76.0,8.0,,,,,,,9.7,57.3
"Adames, Willy",642715,2026,0.228,0.411,0.276,0.183,0.3,89.0,99.687024674,94.02979375,9.2,42.4,22.0,38.0,27.7,5.8,48.4,27.7,23.9,27.7,48.4,66.0,32.1,33.2,33.2,,,,,,,14.6,62.3
"Robert Jr., Luis",673357,2026,0.243,0.377,0.344,0.134,0.324,90.2,102.167753824,95.562142647,2.9,42.6,14.7,20.6,17.3,13.3,35.3,44.1,20.6,25.6,46.6,64.5,32.1,47.1,25.0,,,,,,,9.8,51.3
"Kurtz, Nick",701762,2026,0.258,0.511,0.417,0.253,0.399,94.2,106.020995833,98.242741678,18.8,57.6,12.9,40.3,29.0,20.7,32.6,38.2,29.2,35.4,40.7,63.7,21.7,40.3,28.5,,,,,,,13.1,50.3
"Schwarber, Kyle",656941,2026,0.235,0.53,0.355,0.295,0.378,93.1,103.911020714,96.608284429,22.1,50.7,21.7,37.9,34.1,14.3,57.1,22.9,20.0,33.7,43.7,66.0,25.4,30.0,36.4,,,,,,,14.4,69.0
"Tawa, Tim",694374,2026,0.201,0.265,0.294,0.064,0.259,88.2,97.105611364,92.783114186,2.3,32.6,10.5,23.9,22.9,11.4,34.8,47.8,17.4,25.3,49.0,71.5,31.5,54.3,19.6,,,,,,,10.1,59.3
"Naylor, Bo",666310,2026,0.219,0.407,0.273,0.188,0.296,89.6,100.081128065,94.30415623,11.5,42.6,17.8,30.2,23.3,6.7,39.7,42.9,17.5,14.8,45.2,66.3,25.6,34.9,33.3,,,,,,,9.8,52.3
"Valenzuela, Brandon",678218,2026,0.263,0.461,0.35,0.198,0.355,89.9,100.240530698,94.263272326,10.1,40.4,16.7,41.6,22.2,11.9,41.6,37.1,21.3,25.4,50.5,72.1,29.6,39.3,25.8,,,,,,,9.1,54.3
"Encarnacion, Jerar",666464,2026,0.19,0.266,0.213,0.076,0.21,87.5,99.26983,93.634915,7.7,34.6,5.4,38.5,22.9,2.9,38.5,26.9,34.6,19.3,52.2,61.8,43.4,50.0,23.1,,,,,,,4.6,52.0
"Vivas, Jorbit",678391,2026,0.229,0.298,0.317,0.069,0.282,83.1,94.6994632,91.624973636,3.0,23.8,14.2,27.7,14.5,8.7,38.6,33.7,27.7,17.4,50.2,77.4,26.2,46.5,21.8,,,,,,,5.7,42.7
"Perkins, Blake",663368,2026,0.179,0.254,0.283,0.075,0.251,85.8,97.133592917,92.691585208,3.9,33.3,13.4,17.6,23.8,11.3,39.2,33.3,27.5,24.3,43.2,56.9,31.0,49.0,21.6,,,,,,,9.7,65.2
"Outman, James",681546,2026,0.147,0.194,0.22,0.047,0.196,84.6,94.385216667,91.430578857,0.0,25.7,17.5,31.4,41.4,7.1,57.1,11.4,31.4,40.3,55.2,79.6,31.5,40.0,20.0,,,,,,,15.3,45.7
"Haggerty, Sam",664059,2026,0.156,0.181,0.209,0.026,0.182,83.4,93.570359231,90.785179615,0.0,7.1,16.8,25.0,34.0,4.3,39.3,39.3,21.4,31.8,52.7,70.1,33.8,53.6,21.4,,,,,,,6.4,49.3
