game_date,game_id,side,hitter,opp_pitcher,p_hr,p_per_pa,exp_pa,actual_hr,actual_hr_count,residual
2026-06-08,824829,home,Taylor Ward,Emerson Hancock,0.115,0.0261215705598885,4.6,0,0,-0.115
2026-06-08,824829,home,Gunnar Henderson,Emerson Hancock,0.142,0.0317478499463288,4.4799999999999995,0,0,-0.142
2026-06-08,824829,home,Pete Alonso,Emerson Hancock,0.281,0.0675091855763699,4.359999999999999,0,0,-0.281
2026-06-08,824829,home,Colton Cowser,Emerson Hancock,0.16,0.0329183683978376,4.239999999999999,0,0,-0.16
2026-06-08,824829,home,Leody Taveras,Emerson Hancock,0.109,0.0194903559016795,4.119999999999999,0,0,-0.109
2026-06-08,824829,home,Jackson Holliday,Emerson Hancock,0.151,0.031603043358154,4.0,0,0,-0.151
2026-06-08,824829,home,Coby Mayo,Emerson Hancock,0.132,0.033585963916776,3.88,0,0,-0.132
2026-06-08,824829,home,Blaze Alexander,Emerson Hancock,0.102,0.0272754650254738,3.76,0,0,-0.102
2026-06-08,822972,home,Yandy Díaz,Connelly Early,0.209,0.0459007379244807,4.6,1,1,0.791
2026-06-08,822972,home,Austin Slater,Connelly Early,0.126,0.0259790254524852,4.4799999999999995,0,0,-0.126
2026-06-08,822972,home,Junior Caminero,Connelly Early,0.191,0.0503022042562325,4.359999999999999,0,0,-0.191
2026-06-08,822972,home,Ryan Vilade,Connelly Early,0.133,0.0316842132201922,4.239999999999999,0,0,-0.133
2026-06-08,822972,home,Jonathan Aranda,Connelly Early,0.186,0.0473166582746702,4.119999999999999,0,0,-0.186
2026-06-08,822972,home,Ben Williamson,Connelly Early,0.095,0.0238984658420321,4.0,0,0,-0.095
2026-06-08,822972,home,Taylor Walls,Connelly Early,0.074,0.021414269023849,3.88,0,0,-0.074
2026-06-08,822972,home,Nick Fortes,Connelly Early,0.077,0.0238753125104072,3.76,0,0,-0.077
2026-06-08,822972,home,Cedric Mullins,Connelly Early,0.107,0.0283240915224398,3.64,0,0,-0.107
2026-06-08,824427,away,Trent Grisham,Gavin Williams,0.204,0.043921237710085,4.6,0,0,-0.204
2026-06-08,824427,away,Ben Rice,Gavin Williams,0.257,0.0576738881167525,4.4799999999999995,0,0,-0.257
2026-06-08,824427,away,Paul Goldschmidt,Gavin Williams,0.156,0.0411083233338636,4.359999999999999,1,1,0.844
2026-06-08,824427,away,Cody Bellinger,Gavin Williams,0.162,0.0382415339976997,4.239999999999999,0,0,-0.162
2026-06-08,824427,away,Jazz Chisholm Jr.,Gavin Williams,0.122,0.027369671605149,4.119999999999999,0,0,-0.122
2026-06-08,824427,away,Spencer Jones,Gavin Williams,0.091,0.0221518038419489,4.0,0,0,-0.091
2026-06-08,824427,away,José Caballero,Gavin Williams,0.069,0.0201425922941576,3.88,0,0,-0.069
2026-06-08,824427,away,Ryan McMahon,Gavin Williams,0.098,0.0288600662134384,3.76,1,1,0.902
2026-06-08,824427,away,J.C. Escarra,Gavin Williams,0.078,0.0219426598525717,3.64,0,0,-0.078
2026-06-08,824427,home,Travis Bazzana,Will Warren,0.148,0.0309270669926541,4.6,0,0,-0.148
2026-06-08,824427,home,José Ramírez,Will Warren,0.257,0.0576026085998073,4.4799999999999995,0,0,-0.257
2026-06-08,824427,home,Chase DeLauter,Will Warren,0.132,0.0379902900436866,4.359999999999999,0,0,-0.132
2026-06-08,824427,home,Kyle Manzardo,Will Warren,0.196,0.0481862036064082,4.239999999999999,0,0,-0.196
2026-06-08,824427,home,Daniel Schneemann,Will Warren,0.122,0.0269965910632568,4.119999999999999,0,0,-0.122
2026-06-08,824427,home,Angel Martínez,Will Warren,0.125,0.0316574409479728,4.0,1,1,0.875
2026-06-08,824427,home,Steven Kwan,Will Warren,0.059,0.0162361493116543,3.88,0,0,-0.059
2026-06-08,824427,home,Patrick Bailey,Will Warren,0.098,0.0284544022048101,3.76,0,0,-0.098
2026-06-08,824427,home,Brayan Rocchio,Will Warren,0.09,0.0245944796493594,3.64,0,0,-0.09
2026-06-08,822806,away,Kyle Schwarber,Patrick Corbin,0.346,0.0818581798786604,4.6,0,0,-0.346
2026-06-08,822806,away,Trea Turner,Patrick Corbin,0.119,0.0244917038047553,4.4799999999999995,0,0,-0.119
2026-06-08,822806,away,Bryce Harper,Patrick Corbin,0.185,0.048991983724003,4.359999999999999,0,0,-0.185
2026-06-08,822806,away,Brandon Marsh,Patrick Corbin,0.138,0.033386152476068,4.239999999999999,0,0,-0.138
2026-06-08,822806,away,Alec Bohm,Patrick Corbin,0.094,0.0214798528023866,4.119999999999999,0,0,-0.094
2026-06-08,822806,away,J.T. Realmuto,Patrick Corbin,0.091,0.0228784581375091,4.0,0,0,-0.091
2026-06-08,822806,away,Bryson Stott,Patrick Corbin,0.097,0.0262972933793045,3.88,0,0,-0.097
2026-06-08,822806,away,Adolis García,Patrick Corbin,0.098,0.0284600215082658,3.76,1,1,0.902
2026-06-08,822806,away,Edmundo Sosa,Patrick Corbin,0.101,0.0258251327466487,3.64,0,0,-0.101
2026-06-08,822806,home,George Springer,Cristopher Sánchez,0.185,0.0393887388525318,4.6,0,0,-0.185
2026-06-08,822806,home,Nathan Lukes,Cristopher Sánchez,0.145,0.028685069210005,4.4799999999999995,0,0,-0.145
2026-06-08,822806,home,Vladimir Guerrero Jr.,Cristopher Sánchez,0.145,0.0390959196791219,4.359999999999999,0,0,-0.145
2026-06-08,822806,home,Kazuma Okamoto,Cristopher Sánchez,0.253,0.0641353017505178,4.239999999999999,0,0,-0.253
2026-06-08,822806,home,Ernie Clement,Cristopher Sánchez,0.113,0.0258163956081816,4.119999999999999,1,1,0.887
2026-06-08,822806,home,Andrés Giménez,Cristopher Sánchez,0.091,0.0221664913726476,4.0,0,0,-0.091
2026-06-08,822806,home,Myles Straw,Cristopher Sánchez,0.103,0.0282933232962101,3.88,0,0,-0.103
2026-06-08,822806,home,Tyler Heineman,Cristopher Sánchez,0.062,0.0179716126701898,3.76,0,0,-0.062
2026-06-08,822806,home,Yohendrick Piñango,Cristopher Sánchez,0.137,0.0378706761009067,3.64,0,0,-0.137
2026-06-08,824025,home,Zach Neto,Spencer Arrighetti,0.214,0.0375475200704249,4.6,1,1,0.786
2026-06-08,824025,home,Mike Trout,Spencer Arrighetti,0.354,0.0693784605477047,4.4799999999999995,0,0,-0.354
2026-06-08,824025,home,Wade Meckler,Spencer Arrighetti,0.156,0.0303951140087647,4.359999999999999,0,0,-0.156
2026-06-08,824025,home,Jo Adell,Spencer Arrighetti,0.154,0.0356264556526861,4.239999999999999,0,0,-0.154
2026-06-08,824025,home,Nick Madrigal,Spencer Arrighetti,0.102,0.0188546857297511,4.119999999999999,0,0,-0.102
2026-06-08,824025,home,Donovan Walton,Spencer Arrighetti,0.126,0.0253906578879382,4.0,0,0,-0.126
2026-06-08,824025,home,Logan O'Hoppe,Spencer Arrighetti,0.13,0.0253687114251784,3.88,0,0,-0.13
2026-06-08,823289,away,Blake Dunn,Walker Buehler,0.12,0.0270915186081198,4.6,0,0,-0.12
2026-06-08,823289,away,JJ Bleday,Walker Buehler,0.204,0.0486684864676316,4.4799999999999995,0,0,-0.204
2026-06-08,823289,away,Sal Stewart,Walker Buehler,0.175,0.0427550527334844,4.359999999999999,0,0,-0.175
2026-06-08,823289,away,Nathaniel Lowe,Walker Buehler,0.189,0.0400364074919904,4.239999999999999,0,0,-0.189
2026-06-08,823289,away,Eugenio Suárez,Walker Buehler,0.148,0.0269257162871706,4.119999999999999,0,0,-0.148
2026-06-08,823289,away,Noelvi Marte,Walker Buehler,0.08,0.0170664358872368,4.0,0,0,-0.08
2026-06-08,823289,away,Matt McLain,Walker Buehler,0.124,0.0288965234714523,3.88,0,0,-0.124
2026-06-08,823289,away,Tyler Stephenson,Walker Buehler,0.129,0.0348301220604326,3.76,0,0,-0.129
2026-06-08,823289,home,Fernando Tatis Jr.,Andrew Abbott,0.18,0.0408111976913859,4.6,0,0,-0.18
2026-06-08,823289,home,Jackson Merrill,Andrew Abbott,0.188,0.0439199433851611,4.4799999999999995,0,0,-0.188
2026-06-08,823289,home,Ty France,Andrew Abbott,0.2,0.048166812082885,4.359999999999999,0,0,-0.2
2026-06-08,823289,home,Manny Machado,Andrew Abbott,0.155,0.0307764077297263,4.239999999999999,0,0,-0.155
2026-06-08,823289,home,Xander Bogaerts,Andrew Abbott,0.145,0.0263423736127226,4.119999999999999,0,0,-0.145
2026-06-08,823289,home,Gavin Sheets,Andrew Abbott,0.18,0.036047939005052,4.0,0,0,-0.18
2026-06-08,823289,home,Samad Taylor,Andrew Abbott,0.102,0.0244111610163082,3.88,0,0,-0.102
2026-06-08,823289,home,Freddy Fermin,Andrew Abbott,0.059,0.016812189393375,3.76,1,1,0.941
2026-06-08,823218,away,James Wood,Logan Webb,0.306,0.0712444688872824,4.6,0,0,-0.306
2026-06-08,823218,away,Luis García Jr.,Logan Webb,0.155,0.033112643621739,4.4799999999999995,0,0,-0.155
2026-06-08,823218,away,Curtis Mead,Logan Webb,0.13,0.0371825845302711,4.359999999999999,0,0,-0.13
2026-06-08,823218,away,CJ Abrams,Logan Webb,0.158,0.0372239385508772,4.239999999999999,0,0,-0.158
2026-06-08,823218,away,Dylan Crews,Logan Webb,0.134,0.0323262719832288,4.119999999999999,0,0,-0.134
2026-06-08,823218,away,Daylen Lile,Logan Webb,0.119,0.0302350024025991,4.0,0,0,-0.119
2026-06-08,823218,away,Keibert Ruiz,Logan Webb,0.102,0.0273097501207477,3.88,0,0,-0.102
2026-06-08,823218,away,Jorbit Vivas,Logan Webb,0.067,0.020492875817803,3.76,0,0,-0.067
2026-06-08,823218,away,Nasim Nuñez,Logan Webb,0.066,0.0177150920667205,3.64,0,0,-0.066
2026-06-08,824998,away,Christian Yelich,Jeffrey Springs,0.126,0.0272795920402945,4.6,0,0,-0.126
2026-06-08,824998,away,Jackson Chourio,Jeffrey Springs,0.267,0.0600991222718691,4.4799999999999995,0,0,-0.267
2026-06-08,824998,away,Brice Turang,Jeffrey Springs,0.128,0.0365011064423779,4.359999999999999,1,1,0.872
2026-06-08,824998,away,William Contreras,Jeffrey Springs,0.135,0.0325104976780793,4.239999999999999,1,1,0.865
2026-06-08,824998,away,Jake Bauers,Jeffrey Springs,0.18,0.045235481020499,4.119999999999999,1,1,0.8200000000000001
2026-06-08,824998,away,Andrew Vaughn,Jeffrey Springs,0.103,0.0257079536294053,4.0,1,1,0.897
2026-06-08,824998,away,Garrett Mitchell,Jeffrey Springs,0.127,0.0359167208998707,3.88,0,0,-0.127
2026-06-08,824998,away,Luis Rengifo,Jeffrey Springs,0.068,0.0207185174341278,3.76,0,0,-0.068
2026-06-08,824998,away,Joey Ortiz,Jeffrey Springs,0.07,0.018639165695406,3.64,0,0,-0.07
2026-06-08,824998,home,Shea Langeliers,Kyle Harrison,0.203,0.0500479997872137,4.6,1,1,0.7969999999999999
2026-06-08,824998,home,Nick Kurtz,Kyle Harrison,0.227,0.0542970791143192,4.4799999999999995,1,2,0.773
2026-06-08,824998,home,Colby Thomas,Kyle Harrison,0.147,0.036097068927739,4.359999999999999,0,0,-0.147
2026-06-08,824998,home,Brent Rooker,Kyle Harrison,0.173,0.0359031053498015,4.239999999999999,0,0,-0.173
2026-06-08,824998,home,Max Muncy,Kyle Harrison,0.158,0.0287918411900484,4.119999999999999,0,0,-0.158
2026-06-08,824998,home,Tyler Soderstrom,Kyle Harrison,0.128,0.0267807592379916,4.0,1,2,0.872
2026-06-08,824998,home,Henry Bolte,Kyle Harrison,0.073,0.0171017251182786,3.88,0,0,-0.073
2026-06-08,824998,home,Zack Gelof,Kyle Harrison,0.08,0.0227510643947445,3.76,1,1,0.92
2026-06-09,824830,away,Victor Robles,Trevor Rogers,0.1,0.0227843214222279,4.6,0,0,-0.1
2026-06-09,824830,away,Julio Rodríguez,Trevor Rogers,0.191,0.0452106179356228,4.4799999999999995,0,0,-0.191
2026-06-09,824830,away,Randy Arozarena,Trevor Rogers,0.144,0.0348881593450001,4.359999999999999,1,1,0.856
2026-06-09,824830,away,Josh Naylor,Trevor Rogers,0.151,0.0295158724221725,4.239999999999999,0,0,-0.151
2026-06-09,824830,away,Rob Refsnyder,Trevor Rogers,0.129,0.0233508912019306,4.119999999999999,0,0,-0.129
2026-06-09,824830,away,Patrick Wisdom,Trevor Rogers,0.263,0.0561564049589702,4.0,0,0,-0.263
2026-06-09,824830,away,Mitch Garver,Trevor Rogers,0.108,0.0255414865998697,3.88,1,1,0.892
2026-06-09,824830,away,Cole Young,Trevor Rogers,0.104,0.0284434412239766,3.76,0,0,-0.104
2026-06-09,824830,home,Taylor Ward,Logan Gilbert,0.12,0.0276176880640804,4.6,0,0,-0.12
2026-06-09,824830,home,Gunnar Henderson,Logan Gilbert,0.147,0.0329054548433444,4.4799999999999995,0,0,-0.147
2026-06-09,824830,home,Pete Alonso,Logan Gilbert,0.25,0.0625286343206363,4.359999999999999,0,0,-0.25
2026-06-09,824830,home,Colton Cowser,Logan Gilbert,0.165,0.0340218931993832,4.239999999999999,0,0,-0.165
2026-06-09,824830,home,Leody Taveras,Logan Gilbert,0.119,0.0213252655657032,4.119999999999999,0,0,-0.119
2026-06-09,824830,home,Coby Mayo,Logan Gilbert,0.159,0.0331291385632988,4.0,1,1,0.841
2026-06-09,824830,home,Jackson Holliday,Logan Gilbert,0.138,0.0350078805018286,3.88,0,0,-0.138
2026-06-09,824830,home,Tyler O'Neill,Logan Gilbert,0.072,0.0217297129670971,3.76,0,0,-0.072
2026-06-09,823374,away,Shohei Ohtani,Paul Skenes,0.23,0.0555422362561486,4.6,0,0,-0.23
2026-06-09,823374,away,Andy Pages,Paul Skenes,0.159,0.0357785740490982,4.4799999999999995,1,1,0.841
2026-06-09,823374,away,Freddie Freeman,Paul Skenes,0.14,0.0343697894477371,4.359999999999999,0,0,-0.14
2026-06-09,823374,away,Mookie Betts,Paul Skenes,0.13,0.026466749220287,4.239999999999999,0,0,-0.13
2026-06-09,823374,away,Max Muncy,Paul Skenes,0.25,0.0456852902375569,4.119999999999999,0,0,-0.25
2026-06-09,823374,away,Kyle Tucker,Paul Skenes,0.094,0.0206062242741227,4.0,0,0,-0.094
2026-06-09,823374,away,Dalton Rushing,Paul Skenes,0.129,0.0320953482022795,3.88,0,0,-0.129
2026-06-09,823374,away,Alex Freeland,Paul Skenes,0.064,0.0190902092119298,3.76,0,0,-0.064
2026-06-09,822969,away,Jarren Duran,Nick Martinez,0.204,0.0439868125447774,4.6,0,0,-0.204
2026-06-09,822969,away,Ceddanne Rafaela,Nick Martinez,0.148,0.0297748811668369,4.4799999999999995,0,0,-0.148
2026-06-09,822969,away,Wilyer Abreu,Nick Martinez,0.19,0.0502045443362552,4.359999999999999,0,0,-0.19
2026-06-09,822969,away,Willson Contreras,Nick Martinez,0.257,0.0660116615845559,4.239999999999999,0,0,-0.257
2026-06-09,822969,away,Masataka Yoshida,Nick Martinez,0.098,0.0233378541801132,4.119999999999999,0,0,-0.098
2026-06-09,822969,away,Mickey Gasper,Nick Martinez,0.125,0.0317401085043065,4.0,0,0,-0.125
2026-06-09,822969,away,Caleb Durbin,Nick Martinez,0.066,0.018960057454407,3.88,0,0,-0.066
2026-06-09,822969,away,Isiah Kiner-Falefa,Nick Martinez,0.071,0.0218367340405342,3.76,0,0,-0.071
2026-06-09,822969,away,Marcelo Mayer,Nick Martinez,0.088,0.0240258717611507,3.64,0,0,-0.088
2026-06-09,824267,home,Gleyber Torres,Taj Bradley,0.122,0.0254665498852002,4.6,0,0,-0.122
2026-06-09,824267,home,Kevin McGonigle,Taj Bradley,0.185,0.0389042998912641,4.4799999999999995,0,0,-0.185
2026-06-09,824267,home,Dillon Dingler,Taj Bradley,0.208,0.0576899633671182,4.359999999999999,1,2,0.792
2026-06-09,824267,home,Kerry Carpenter,Taj Bradley,0.147,0.0353739733385624,4.239999999999999,1,1,0.853
2026-06-09,824267,home,Riley Greene,Taj Bradley,0.163,0.0406163476376846,4.119999999999999,1,1,0.837
2026-06-09,824267,home,Spencer Torkelson,Taj Bradley,0.163,0.0381561631784835,4.0,0,0,-0.163
2026-06-09,824267,home,Colt Keith,Taj Bradley,0.084,0.0238258969141948,3.88,0,0,-0.084
2026-06-09,824267,home,Matt Vierling,Taj Bradley,0.081,0.0245055801917628,3.76,0,0,-0.081
2026-06-09,824267,home,Zach McKinstry,Taj Bradley,0.063,0.0172403384164416,3.64,0,0,-0.063
2026-06-09,823858,away,Ketel Marte,Max Meyer,0.243,0.0468259724129466,4.6,0,0,-0.243
2026-06-09,823858,away,Corbin Carroll,Max Meyer,0.272,0.0500232909398041,4.4799999999999995,1,1,0.728
2026-06-09,823858,away,Gabriel Moreno,Max Meyer,0.213,0.0401247867056516,4.359999999999999,1,1,0.787
2026-06-09,823858,away,Nolan Arenado,Max Meyer,0.116,0.026052133923645,4.239999999999999,0,0,-0.116
2026-06-09,823858,away,Geraldo Perdomo,Max Meyer,0.095,0.0172679483362495,4.119999999999999,0,0,-0.095
2026-06-09,823858,away,Ryan Waldschmidt,Max Meyer,0.142,0.0292028501351536,4.0,0,0,-0.142
2026-06-09,823858,away,Tommy Troy,Max Meyer,0.143,0.0282772510123095,3.88,0,0,-0.143
2026-06-09,823858,home,Liam Hicks,Zac Gallen,0.126,0.0274949772582225,4.6,0,0,-0.126
2026-06-09,823858,home,Otto Lopez,Zac Gallen,0.227,0.0479511734145985,4.4799999999999995,0,0,-0.227
2026-06-09,823858,home,Kyle Stowers,Zac Gallen,0.151,0.0404115627755581,4.359999999999999,0,0,-0.151
2026-06-09,823858,home,Xavier Edwards,Zac Gallen,0.128,0.0302926637261927,4.239999999999999,0,0,-0.128
2026-06-09,823858,home,Leo Jiménez,Zac Gallen,0.124,0.029434340149339,4.119999999999999,0,0,-0.124
2026-06-09,823858,home,Owen Caissie,Zac Gallen,0.192,0.048050071009102,4.0,0,0,-0.192
2026-06-09,823858,home,Jakob Marsee,Zac Gallen,0.067,0.0194806908701594,3.88,0,0,-0.067
2026-06-09,823858,home,Joe Mack,Zac Gallen,0.079,0.024122527954078,3.76,0,0,-0.079
2026-06-09,823858,home,Connor Norby,Zac Gallen,0.107,0.0286295461102103,3.64,0,0,-0.107
2026-06-09,824429,away,Trent Grisham,Slade Cecconi,0.204,0.0444306697770898,4.6,0,0,-0.204
2026-06-09,824429,away,Ben Rice,Slade Cecconi,0.251,0.0565290720997784,4.4799999999999995,0,0,-0.251
2026-06-09,824429,away,Paul Goldschmidt,Slade Cecconi,0.157,0.0414229769912244,4.359999999999999,0,0,-0.157
2026-06-09,824429,away,Cody Bellinger,Slade Cecconi,0.154,0.0364801378097399,4.239999999999999,0,0,-0.154
2026-06-09,824429,away,Jazz Chisholm Jr.,Slade Cecconi,0.116,0.0265739917268796,4.119999999999999,1,1,0.884
2026-06-09,824429,away,Spencer Jones,Slade Cecconi,0.087,0.0213303596505951,4.0,1,1,0.913
2026-06-09,824429,away,Anthony Volpe,Slade Cecconi,0.084,0.0233522675006019,3.88,0,0,-0.084
2026-06-09,824429,away,Ryan McMahon,Slade Cecconi,0.102,0.0300941460359788,3.76,0,0,-0.102
2026-06-09,824429,away,J.C. Escarra,Slade Cecconi,0.077,0.0204008516569872,3.64,0,0,-0.077
2026-06-09,822805,away,Kyle Schwarber,Dylan Cease,0.321,0.0744738734525361,4.6,0,0,-0.321
2026-06-09,822805,away,Trea Turner,Dylan Cease,0.131,0.0268671926956307,4.4799999999999995,0,0,-0.131
2026-06-09,822805,away,Bryce Harper,Dylan Cease,0.19,0.0500627982615752,4.359999999999999,0,0,-0.19
2026-06-09,822805,away,Brandon Marsh,Dylan Cease,0.146,0.0348410747391606,4.239999999999999,0,0,-0.146
2026-06-09,822805,away,Alec Bohm,Dylan Cease,0.099,0.0236301633149012,4.119999999999999,0,0,-0.099
2026-06-09,822805,away,Bryson Stott,Dylan Cease,0.115,0.0283948340354823,4.0,0,0,-0.115
2026-06-09,822805,away,J.T. Realmuto,Dylan Cease,0.091,0.0247783839405324,3.88,0,0,-0.091
2026-06-09,822805,away,Adolis García,Dylan Cease,0.112,0.0313908834765873,3.76,0,0,-0.112
2026-06-09,822805,away,Justin Crawford,Dylan Cease,0.064,0.0174311656812756,3.64,0,0,-0.064
2026-06-09,822805,home,Vladimir Guerrero Jr.,Zack Wheeler,0.157,0.0348486092465824,4.6,0,0,-0.157
2026-06-09,822805,home,Nathan Lukes,Zack Wheeler,0.108,0.0239901429139853,4.4799999999999995,0,0,-0.108
2026-06-09,822805,home,Ernie Clement,Zack Wheeler,0.096,0.0232996897441912,4.359999999999999,0,0,-0.096
2026-06-09,822805,home,Jesús Sánchez,Zack Wheeler,0.207,0.0451374214169618,4.239999999999999,1,1,0.793
2026-06-09,822805,home,Yohendrick Piñango,Zack Wheeler,0.174,0.0328733816117738,4.119999999999999,0,0,-0.174
2026-06-09,822805,home,Brandon Valenzuela,Zack Wheeler,0.194,0.039489685179396,4.0,0,0,-0.194
2026-06-09,822805,home,Kazuma Okamoto,Zack Wheeler,0.181,0.0491953763620108,3.88,0,0,-0.181
2026-06-09,822805,home,Andrés Giménez,Zack Wheeler,0.061,0.018634286736443,3.76,0,0,-0.061
2026-06-09,823620,away,JJ Wetherholt,Freddy Peralta,0.211,0.0370459189869369,4.6,0,0,-0.211
2026-06-09,823620,away,Iván Herrera,Freddy Peralta,0.15,0.0271287577993914,4.4799999999999995,0,0,-0.15
2026-06-09,823620,away,Alec Burleson,Freddy Peralta,0.233,0.0440438196019528,4.359999999999999,1,1,0.767
2026-06-09,823620,away,Jordan Walker,Freddy Peralta,0.242,0.0537121155853929,4.239999999999999,0,0,-0.242
2026-06-09,823620,away,Masyn Winn,Freddy Peralta,0.1,0.0181925165019941,4.119999999999999,0,0,-0.1
2026-06-09,823620,away,Nolan Gorman,Freddy Peralta,0.145,0.0302788910135002,4.0,0,0,-0.145
2026-06-09,823620,away,Nathan Church,Freddy Peralta,0.133,0.0262143819768041,3.88,0,0,-0.133
2026-06-09,823620,home,Carson Benge,Dustin May,0.159,0.0337146003870761,4.6,0,0,-0.159
2026-06-09,823620,home,Bo Bichette,Dustin May,0.135,0.0274045106391823,4.4799999999999995,0,0,-0.135
2026-06-09,823620,home,Juan Soto,Dustin May,0.216,0.0596103104116855,4.359999999999999,0,0,-0.216
2026-06-09,823620,home,Jared Young,Dustin May,0.183,0.0441488653927227,4.239999999999999,0,0,-0.183
2026-06-09,823620,home,A.J. Ewing,Dustin May,0.098,0.0227401821043183,4.119999999999999,0,0,-0.098
2026-06-09,823620,home,Marcus Semien,Dustin May,0.098,0.0248156584611358,4.0,0,0,-0.098
2026-06-09,823620,home,Brett Baty,Dustin May,0.074,0.0211268832524472,3.88,0,0,-0.074
2026-06-09,823620,home,MJ Melendez,Dustin May,0.102,0.0301906574831675,3.76,0,0,-0.102
2026-06-09,823620,home,Francisco Alvarez,Dustin May,0.13,0.0351184068143824,3.64,0,0,-0.13
2026-06-09,824105,home,Carter Jensen,Nathan Eovaldi,0.155,0.0330650388907863,4.6,0,0,-0.155
2026-06-09,824105,home,Bobby Witt Jr.,Nathan Eovaldi,0.272,0.0633952229734677,4.4799999999999995,0,0,-0.272
2026-06-09,824105,home,Maikel Garcia,Nathan Eovaldi,0.081,0.02415967584917,4.359999999999999,0,0,-0.081
2026-06-09,824105,home,Vinnie Pasquantino,Nathan Eovaldi,0.125,0.0291344208376953,4.239999999999999,0,0,-0.125
2026-06-09,824105,home,Salvador Perez,Nathan Eovaldi,0.124,0.0293506099491751,4.119999999999999,0,0,-0.124
2026-06-09,824105,home,Jac Caglianone,Nathan Eovaldi,0.193,0.0482117400330501,4.0,1,2,0.8069999999999999
2026-06-09,824105,home,Michael Massey,Nathan Eovaldi,0.112,0.0327615994002093,3.88,0,0,-0.112
2026-06-09,824105,home,Isaac Collins,Nathan Eovaldi,0.075,0.0232188831925576,3.76,0,0,-0.075
2026-06-09,824105,home,Kyle Isbel,Nathan Eovaldi,0.076,0.0195720331286057,3.64,0,0,-0.076
2026-06-09,824591,away,Ronald Acuña Jr.,Brandon Eisert,0.215,0.0477387233543448,4.6,0,0,-0.215
2026-06-09,824591,away,Michael Harris II,Brandon Eisert,0.236,0.0524782756772114,4.4799999999999995,0,0,-0.236
2026-06-09,824591,away,Matt Olson,Brandon Eisert,0.198,0.0540899780890005,4.359999999999999,1,2,0.802
2026-06-09,824591,away,Ozzie Albies,Brandon Eisert,0.097,0.0234706376439792,4.239999999999999,0,0,-0.097
2026-06-09,824591,away,Mauricio Dubón,Brandon Eisert,0.098,0.0224944121440158,4.119999999999999,0,0,-0.098
2026-06-09,824591,away,Dominic Smith,Brandon Eisert,0.117,0.0289508372526803,4.0,0,0,-0.117
2026-06-09,824591,away,Austin Riley,Brandon Eisert,0.111,0.0322035138648782,3.88,0,0,-0.111
2026-06-09,824591,away,Mike Yastrzemski,Brandon Eisert,0.069,0.0211220636543292,3.76,0,0,-0.069
2026-06-09,824591,away,Austin Wynns,Brandon Eisert,0.081,0.0221838158194274,3.64,0,0,-0.081
2026-06-09,824591,home,Sam Antonacci,Grant Holmes,0.202,0.0351826115905424,4.6,0,0,-0.202
2026-06-09,824591,home,Miguel Vargas,Grant Holmes,0.344,0.0673153430577509,4.4799999999999995,1,1,0.656
2026-06-09,824591,home,Andrew Benintendi,Grant Holmes,0.236,0.0451376383044422,4.359999999999999,0,0,-0.236
2026-06-09,824591,home,Chase Meidroth,Grant Holmes,0.107,0.0239535708684836,4.239999999999999,0,0,-0.107
2026-06-09,824591,home,Tristan Peters,Grant Holmes,0.121,0.0237951179088035,4.119999999999999,0,0,-0.121
2026-06-09,824591,home,Luisangel Acuña,Grant Holmes,0.099,0.0210869773684422,4.0,0,0,-0.099
2026-06-09,824591,home,Drew Romo,Grant Holmes,0.139,0.026829947955758,3.88,0,0,-0.139
2026-06-09,824347,home,Jake McCarthy,Colin Rea,0.12,0.0276714546404346,4.6,0,0,-0.12
2026-06-09,824347,home,Willi Castro,Colin Rea,0.123,0.0259623860710132,4.4799999999999995,0,0,-0.123
2026-06-09,824347,home,TJ Rumfield,Colin Rea,0.133,0.0323632962267709,4.359999999999999,0,0,-0.133
2026-06-09,824347,home,Hunter Goodman,Colin Rea,0.325,0.0774846972104551,4.239999999999999,1,1,0.675
2026-06-09,824347,home,Troy Johnston,Colin Rea,0.138,0.0245041505173548,4.119999999999999,0,0,-0.138
2026-06-09,824347,home,Ezequiel Tovar,Colin Rea,0.147,0.0307297414704027,4.0,1,1,0.853
2026-06-09,824347,home,Kyle Karros,Colin Rea,0.109,0.0265532196684157,3.88,0,0,-0.109
2026-06-09,824347,home,Edouard Julien,Colin Rea,0.103,0.0279551854900113,3.76,0,0,-0.103
2026-06-09,823290,home,Fernando Tatis Jr.,Chase Burns,0.186,0.0422238261355274,4.6,0,0,-0.186
2026-06-09,823290,home,Jackson Merrill,Chase Burns,0.195,0.046164740313964,4.4799999999999995,0,0,-0.195
2026-06-09,823290,home,Manny Machado,Chase Burns,0.146,0.035976055440943,4.359999999999999,0,0,-0.146
2026-06-09,823290,home,Gavin Sheets,Chase Burns,0.192,0.0415408753166312,4.239999999999999,0,0,-0.192
2026-06-09,823290,home,Samad Taylor,Chase Burns,0.159,0.029356471795674,4.119999999999999,0,0,-0.159
2026-06-09,823290,home,Bryce Johnson,Chase Burns,0.085,0.0184989318369874,4.0,0,0,-0.085
2026-06-09,823290,home,Freddy Fermin,Chase Burns,0.095,0.023045025418466,3.88,0,0,-0.095
2026-06-09,823290,home,Sung-Mun Song,Chase Burns,0.103,0.0279650190140123,3.76,0,0,-0.103
2026-06-10,822970,away,Jarren Duran,Drew Rasmussen,0.179,0.04487982564704793,4.6,0,0,-0.179
2026-06-10,822970,away,Ceddanne Rafaela,Drew Rasmussen,0.127,0.031061397913354757,4.4799999999999995,1,1,0.873
2026-06-10,822970,away,Wilyer Abreu,Drew Rasmussen,0.2,0.05395218622850488,4.359999999999999,0,0,-0.2
2026-06-10,822970,away,Willson Contreras,Drew Rasmussen,0.26,0.06770242602639054,4.239999999999999,0,0,-0.26
2026-06-10,822970,away,Mickey Gasper,Drew Rasmussen,0.155,0.03110952814017561,4.119999999999999,0,0,-0.155
2026-06-10,822970,away,Caleb Durbin,Drew Rasmussen,0.084,0.020155142896153885,3.9999999999999996,1,2,0.916
2026-06-10,822970,away,Isiah Kiner-Falefa,Drew Rasmussen,0.091,0.02367570359061746,3.88,0,0,-0.091
2026-06-10,822970,away,Andruw Monasterio,Drew Rasmussen,0.104,0.032187252930424286,3.76,0,0,-0.104
2026-06-10,824428,away,Paul Goldschmidt,Parker Messick,0.204,0.0376468445906678,4.6,0,0,-0.204
2026-06-10,824428,away,Ben Rice,Parker Messick,0.251,0.047376037008064545,4.4799999999999995,0,0,-0.251
2026-06-10,824428,away,Cody Bellinger,Parker Messick,0.126,0.029898547395988833,4.359999999999999,0,0,-0.126
2026-06-10,824428,away,Ryan McMahon,Parker Messick,0.127,0.02575606946333222,4.239999999999999,0,0,-0.127
2026-06-10,824428,away,Trent Grisham,Parker Messick,0.15,0.03149192629952196,4.119999999999999,0,0,-0.15
2026-06-10,824428,away,José Caballero,Parker Messick,0.076,0.015578939425464414,3.9999999999999996,0,0,-0.076
2026-06-10,824428,away,Jazz Chisholm Jr.,Parker Messick,0.097,0.021915373241647627,3.88,0,0,-0.097
2026-06-10,824428,away,Anthony Volpe,Parker Messick,0.068,0.017923446703039417,3.76,0,0,-0.068
2026-06-10,824428,away,Ali Sánchez,Parker Messick,0.12,0.027386689043899206,3.6399999999999997,0,0,-0.12
2026-06-10,823215,away,James Wood,Robbie Ray,0.324,0.05721323254458708,4.6,1,1,0.6759999999999999
2026-06-10,823215,away,Curtis Mead,Robbie Ray,0.19,0.030378194058982188,4.4799999999999995,1,1,0.81
2026-06-10,823215,away,Andrés Chaparro,Robbie Ray,0.105,0.022902372166668055,4.359999999999999,0,0,-0.105
2026-06-10,823215,away,Dylan Crews,Robbie Ray,0.144,0.02622657416414604,4.239999999999999,0,0,-0.144
2026-06-10,823215,away,Daylen Lile,Robbie Ray,0.134,0.024956139256764952,4.119999999999999,0,0,-0.134
2026-06-10,823215,away,Jacob Young,Robbie Ray,0.111,0.020675729585447656,3.9999999999999996,0,0,-0.111
2026-06-10,823215,away,Nasim Nuñez,Robbie Ray,0.063,0.013736872462287277,3.88,0,0,-0.063
2026-06-10,823215,away,Jorbit Vivas,Robbie Ray,0.071,0.01661880118190702,3.76,0,0,-0.071
2026-06-10,823215,away,Keibert Ruiz,Robbie Ray,0.107,0.021569402028632525,3.6399999999999997,0,0,-0.107
2026-06-10,823215,home,Casey Schmitt,Foster Griffin,0.297,0.04453297342186138,4.6,0,0,-0.297
2026-06-10,823215,home,Luis Arraez,Foster Griffin,0.13,0.01802969554770116,4.4799999999999995,0,0,-0.13
2026-06-10,823215,home,Matt Chapman,Foster Griffin,0.117,0.017926260501142346,4.359999999999999,1,2,0.883
2026-06-10,823215,home,Rafael Devers,Foster Griffin,0.154,0.027047226807667024,4.239999999999999,1,1,0.846
2026-06-10,823215,home,Jung Hoo Lee,Foster Griffin,0.117,0.01749112650063129,4.119999999999999,0,0,-0.117
2026-06-10,823215,home,Bryce Eldridge,Foster Griffin,0.244,0.03891199690873586,3.9999999999999996,1,1,0.756
2026-06-10,823215,home,Daniel Susac,Foster Griffin,0.127,0.01895722776065892,3.88,0,0,-0.127
2026-06-10,823287,away,Matt McLain,Michael King,0.163,0.03004937242655405,4.6,0,0,-0.163
2026-06-10,823287,away,JJ Bleday,Michael King,0.219,0.03951184969634964,4.4799999999999995,1,1,0.781
2026-06-10,823287,away,Sal Stewart,Michael King,0.166,0.036374059038965414,4.359999999999999,0,0,-0.166
2026-06-10,823287,away,Spencer Steer,Michael King,0.162,0.03303317677279165,4.239999999999999,1,1,0.838
2026-06-10,823287,away,Nathaniel Lowe,Michael King,0.151,0.03241028540752259,4.119999999999999,0,0,-0.151
2026-06-10,823287,away,Eugenio Suárez,Michael King,0.106,0.022530943657386605,3.9999999999999996,1,1,0.894
2026-06-10,823287,away,Dane Myers,Michael King,0.112,0.027963314696887957,3.88,0,0,-0.112
2026-06-10,823287,away,Noelvi Marte,Michael King,0.062,0.015142199295236199,3.76,0,0,-0.062
2026-06-10,823287,away,P.J. Higgins,Michael King,0.078,0.01808160735371941,3.6399999999999997,0,0,-0.078
2026-06-10,823287,home,Fernando Tatis Jr.,Brady Singer,0.173,0.03310418008421232,4.6,1,1,0.827
2026-06-10,823287,home,Jackson Merrill,Brady Singer,0.178,0.034728213715389866,4.4799999999999995,0,0,-0.178
2026-06-10,823287,home,Manny Machado,Brady Singer,0.133,0.02790132319544983,4.359999999999999,0,0,-0.133
2026-06-10,823287,home,Gavin Sheets,Brady Singer,0.169,0.030665835638552075,4.239999999999999,0,0,-0.169
2026-06-10,823287,home,Samad Taylor,Brady Singer,0.15,0.02373470260609603,4.119999999999999,0,0,-0.15
2026-06-10,823287,home,Bryce Johnson,Brady Singer,0.084,0.015504795770734662,3.9999999999999996,0,0,-0.084
2026-06-10,823287,home,Rodolfo Durán,Brady Singer,0.173,0.04083867787110894,3.88,0,0,-0.173
2026-06-10,823287,home,Sung-Mun Song,Brady Singer,0.086,0.02076290733007677,3.76,0,0,-0.086
2026-06-10,824831,home,Taylor Ward,George Kirby,0.12,0.03333156456753851,4.6,0,0,-0.12
2026-06-10,824831,home,Gunnar Henderson,George Kirby,0.143,0.037714193766170925,4.4799999999999995,0,0,-0.143
2026-06-10,824831,home,Pete Alonso,George Kirby,0.252,0.07444778363523384,4.359999999999999,1,1,0.748
2026-06-10,824831,home,Colton Cowser,George Kirby,0.169,0.04184766886394856,4.239999999999999,0,0,-0.169
2026-06-10,824831,home,Leody Taveras,George Kirby,0.119,0.02525547908721786,4.119999999999999,0,0,-0.119
2026-06-10,824831,home,Jackson Holliday,George Kirby,0.182,0.04367389073655733,3.9999999999999996,1,1,0.8180000000000001
2026-06-10,824831,home,Tyler O'Neill,George Kirby,0.095,0.027167163857158342,3.88,0,0,-0.095
2026-06-10,824831,home,Blaze Alexander,George Kirby,0.105,0.034693473214643354,3.76,0,0,-0.105
2026-06-10,824266,away,Austin Martin,Framber Valdez,0.112,0.027220693254645507,4.6,0,0,-0.112
2026-06-10,824266,away,Byron Buxton,Framber Valdez,0.324,0.08875965690983686,4.4799999999999995,1,1,0.6759999999999999
2026-06-10,824266,away,Brooks Lee,Framber Valdez,0.112,0.02875133840149157,4.359999999999999,0,0,-0.112
2026-06-10,824266,away,Orlando Arcia,Framber Valdez,0.108,0.0253245316438614,4.239999999999999,0,0,-0.108
2026-06-10,824266,away,Josh Bell,Framber Valdez,0.211,0.040933312701618436,4.119999999999999,0,0,-0.211
2026-06-10,824266,away,Royce Lewis,Framber Valdez,0.136,0.030888850984808484,3.9999999999999996,1,1,0.864
2026-06-10,824266,away,Luke Keaschall,Framber Valdez,0.093,0.023785142259010704,3.88,0,0,-0.093
2026-06-10,824266,away,Ryan Kreidler,Framber Valdez,0.109,0.032726373500658414,3.76,0,0,-0.109
2026-06-10,823856,home,Liam Hicks,Ryne Nelson,0.135,0.023931935546742687,4.6,0,0,-0.135
2026-06-10,823856,home,Otto Lopez,Ryne Nelson,0.2,0.03453557354465421,4.4799999999999995,0,0,-0.2
2026-06-10,823856,home,Kyle Stowers,Ryne Nelson,0.153,0.03314832703456632,4.359999999999999,1,1,0.847
2026-06-10,823856,home,Xavier Edwards,Ryne Nelson,0.127,0.024496806571126427,4.239999999999999,0,0,-0.127
2026-06-10,823856,home,Heriberto Hernández,Ryne Nelson,0.183,0.03776852412967443,4.119999999999999,0,0,-0.183
2026-06-10,823856,home,Jakob Marsee,Ryne Nelson,0.095,0.01912691779651315,3.9999999999999996,0,0,-0.095
2026-06-10,823856,home,Christopher Morel,Ryne Nelson,0.08,0.018299290317060568,3.88,0,0,-0.08
2026-06-10,823856,home,Owen Caissie,Ryne Nelson,0.148,0.03497201856684173,3.76,1,1,0.852
2026-06-10,823856,home,Javier Sanoja,Ryne Nelson,0.075,0.01580319085967408,3.6399999999999997,0,0,-0.075
2026-06-10,822804,home,George Springer,Jesús Luzardo,0.129,0.03478900733619366,4.6,0,0,-0.129
2026-06-10,822804,home,Vladimir Guerrero Jr.,Jesús Luzardo,0.159,0.04057148376555045,4.4799999999999995,0,0,-0.159
2026-06-10,822804,home,Ernie Clement,Jesús Luzardo,0.09,0.025005686511948885,4.359999999999999,0,0,-0.09
2026-06-10,822804,home,Kazuma Okamoto,Jesús Luzardo,0.259,0.06787403648497005,4.239999999999999,0,0,-0.259
2026-06-10,822804,home,Yohendrick Piñango,Jesús Luzardo,0.194,0.039903593491001685,4.119999999999999,0,0,-0.194
2026-06-10,822804,home,Brandon Valenzuela,Jesús Luzardo,0.208,0.049172839282900276,3.9999999999999996,0,0,-0.208
2026-06-10,822804,home,Myles Straw,Jesús Luzardo,0.093,0.025214881769608604,3.88,0,0,-0.093
2026-06-10,822804,home,Nathan Lukes,Jesús Luzardo,0.069,0.023188190105705792,3.76,0,0,-0.069
2026-06-10,823618,home,Carson Benge,Andre Pallante,0.166,0.0348933201039988,4.6,0,0,-0.166
2026-06-10,823618,home,Bo Bichette,Andre Pallante,0.146,0.028077057001687635,4.4799999999999995,0,0,-0.146
2026-06-10,823618,home,Juan Soto,Andre Pallante,0.233,0.06266606310376985,4.359999999999999,0,0,-0.233
2026-06-10,823618,home,Jared Young,Andre Pallante,0.178,0.04146969605514074,4.239999999999999,0,0,-0.178
2026-06-10,823618,home,Marcus Semien,Andre Pallante,0.122,0.027120350416744265,4.119999999999999,0,0,-0.122
2026-06-10,823618,home,A.J. Ewing,Andre Pallante,0.096,0.023580831185575465,3.9999999999999996,0,0,-0.096
2026-06-10,823618,home,Francisco Alvarez,Andre Pallante,0.129,0.03570257342518304,3.88,1,1,0.871
2026-06-10,823618,home,Brett Baty,Andre Pallante,0.073,0.022571242325088465,3.76,0,0,-0.073
2026-06-10,823618,home,Luis Torrens,Andre Pallante,0.076,0.01938989987772631,3.6399999999999997,0,0,-0.076
2026-06-10,824103,home,Lane Thomas,MacKenzie Gore,0.122,0.019879163783653883,4.6,0,0,-0.122
2026-06-10,824103,home,Bobby Witt Jr.,MacKenzie Gore,0.263,0.04662270954615571,4.4799999999999995,0,0,-0.263
2026-06-10,824103,home,Maikel Garcia,MacKenzie Gore,0.084,0.01971793770784405,4.359999999999999,0,0,-0.084
2026-06-10,824103,home,Salvador Perez,MacKenzie Gore,0.127,0.023633650614966858,4.239999999999999,0,0,-0.127
2026-06-10,824103,home,Vinnie Pasquantino,MacKenzie Gore,0.124,0.022815638159376015,4.119999999999999,0,0,-0.124
2026-06-10,824103,home,Starling Marte,MacKenzie Gore,0.155,0.02883373984200357,3.9999999999999996,0,0,-0.155
2026-06-10,824103,home,Jac Caglianone,MacKenzie Gore,0.189,0.04001822528143865,3.88,0,0,-0.189
2026-06-10,824103,home,Nick Loftin,MacKenzie Gore,0.069,0.016611777626616215,3.76,0,0,-0.069
2026-06-10,824103,home,Isaac Collins,MacKenzie Gore,0.088,0.01891624104675562,3.6399999999999997,0,0,-0.088
2026-06-10,824590,home,Chase Meidroth,Chris Sale,0.116,0.024307188481207602,4.6,0,0,-0.116
2026-06-10,824590,home,Randal Grichuk,Chris Sale,0.233,0.05135841654019386,4.4799999999999995,0,0,-0.233
2026-06-10,824590,home,Miguel Vargas,Chris Sale,0.226,0.05051405717930406,4.359999999999999,0,0,-0.226
2026-06-10,824590,home,Edgar Quero,Chris Sale,0.1,0.02011828309057016,4.239999999999999,0,0,-0.1
2026-06-10,824590,home,Derek Hill,Chris Sale,0.171,0.02961243750720453,4.119999999999999,0,0,-0.171
2026-06-10,824590,home,Jacob Gonzalez,Chris Sale,0.183,0.034164961677599574,3.9999999999999996,0,0,-0.183
2026-06-10,824590,home,Luisangel Acuña,Chris Sale,0.091,0.019752548588535368,3.88,0,0,-0.091
2026-06-10,824590,home,Tristan Peters,Chris Sale,0.083,0.0216860888769856,3.76,0,0,-0.083
2026-06-10,824348,home,Willi Castro,Shota Imanaga,0.142,0.034868290825728426,4.6,0,0,-0.142
2026-06-10,824348,home,Kyle Karros,Shota Imanaga,0.15,0.03576778490482605,4.4799999999999995,0,0,-0.15
2026-06-10,824348,home,TJ Rumfield,Shota Imanaga,0.133,0.034657402899551853,4.359999999999999,1,1,0.867
2026-06-10,824348,home,Hunter Goodman,Shota Imanaga,0.268,0.06646256842584525,4.239999999999999,0,0,-0.268
2026-06-10,824348,home,Ezequiel Tovar,Shota Imanaga,0.181,0.03567843366101977,4.119999999999999,0,0,-0.181
2026-06-10,824348,home,Jake McCarthy,Shota Imanaga,0.123,0.027824672064355703,3.9999999999999996,0,0,-0.123
2026-06-10,824348,home,Braxton Fulford,Shota Imanaga,0.119,0.029232701475034005,3.88,0,0,-0.119
2026-06-10,824348,home,Chad Stevens,Shota Imanaga,0.063,0.019928748945729165,3.76,0,0,-0.063
