"last_name, first_name",player_id,year,xba,xslg,xwoba,k_percent,bb_percent,barrel_batted_rate,hard_hit_percent,whiff_percent,groundballs_percent,flyballs_percent,pa
"Finnegan, Kyle",640448,2025,0.226,0.337,0.278,24.0,7.9,7.8,42.9,24.6,49.4,22.7,229
"Akin, Keegan",669211,2025,0.238,0.439,0.333,22.0,12.3,9.7,41.7,25.6,38.3,32.6,268
"Pilkington, Konnor",663455,2025,0.254,0.524,0.382,27.6,13.8,15.7,44.3,29.1,27.1,37.1,123
"Olson, Reese",681857,2025,0.244,0.391,0.313,22.8,8.8,7.4,44.7,29.7,43.2,28.4,285
"Ferguson, Caleb",657571,2025,0.237,0.329,0.29,18.9,8.1,3.2,27.7,21.4,49.7,18.3,270
"Wilson, Steven",621051,2025,0.236,0.382,0.302,21.2,9.1,5.5,36.4,24.8,26.1,36.4,241
"Castillo, José",620454,2025,0.252,0.372,0.315,20.1,9.4,6.0,42.6,22.6,55.4,22.8,149
"Clase, Emmanuel",661403,2025,0.229,0.336,0.277,23.4,6.0,5.1,38.4,32.1,47.1,21.7,201
"Estrada, Jeremiah",669093,2025,0.182,0.325,0.26,35.5,8.9,9.0,39.2,34.9,35.5,30.1,304
"Williams, Gavin",668909,2025,0.231,0.405,0.321,24.6,11.8,9.0,44.3,27.7,46.1,26.7,704
"Allen, Logan",671106,2025,0.247,0.421,0.326,18.0,9.2,9.1,37.5,20.6,45.6,23.5,676
"Vasil, Mike",678024,2025,0.227,0.368,0.312,19.4,12.3,7.2,38.2,24.0,50.7,23.2,423
"Williams, Devin",642207,2025,0.192,0.314,0.272,34.7,9.7,9.3,35.7,37.7,45.0,25.7,259
"Ramírez, Yohan",670990,2025,0.234,0.409,0.328,29.0,10.3,13.3,45.6,25.8,37.8,28.9,155
"Santillan, Tony",663574,2025,0.244,0.404,0.322,24.9,9.6,8.4,45.5,27.0,37.7,23.0,301
"Carrasco, Carlos",471911,2025,0.281,0.468,0.354,16.0,8.0,10.8,42.9,22.5,36.0,29.8,212
"Ray, Robbie",592662,2025,0.219,0.385,0.3,24.6,9.7,9.6,44.7,27.8,36.6,33.1,755
"Molina, Anthony",683627,2025,0.322,0.606,0.405,15.0,3.8,11.1,54.0,24.2,42.1,34.9,160
"Legumina, Casey",668984,2025,0.217,0.378,0.304,25.1,11.4,8.8,43.8,24.6,39.4,29.9,219
"Valdez, Framber",664285,2025,0.241,0.37,0.303,23.3,8.5,6.7,46.3,26.6,59.4,16.5,802
"Fried, Max",608331,2025,0.233,0.358,0.287,23.6,6.4,6.9,37.2,26.6,52.6,21.2,801
"Adams, Travis",701519,2025,0.293,0.505,0.393,19.6,10.8,12.3,40.6,25.6,33.0,32.1,158
"Doval, Camilo",666808,2025,0.219,0.33,0.297,25.9,12.6,6.0,40.5,28.4,53.6,19.0,278
"Brogdon, Connor",641401,2025,0.223,0.434,0.305,24.6,9.0,12.9,40.2,29.3,31.1,34.8,199
"Kelly, Zack",677161,2025,0.232,0.347,0.289,23.0,7.9,4.9,31.4,23.3,43.1,24.5,152
"Francis, Bowden",670102,2025,0.281,0.501,0.373,18.8,9.4,12.4,52.2,23.3,33.8,30.8,288
"Keller, Brad",641745,2025,0.197,0.297,0.262,27.2,8.0,5.8,30.6,26.9,56.6,17.3,276
"Johnson, Pierce",572955,2025,0.228,0.395,0.297,24.8,8.0,8.8,42.8,26.2,34.6,31.4,238
"Sterner, Justin",686993,2025,0.203,0.366,0.285,26.3,7.9,9.6,38.9,30.8,29.9,34.1,266
"Sugano, Tomoyuki",608372,2025,0.289,0.524,0.366,15.7,5.3,11.8,39.8,18.5,40.8,28.6,675
"Bowlan, Jonathan",680742,2025,0.222,0.399,0.303,25.6,9.4,9.4,36.8,33.7,49.6,24.8,180
"Morales, Luis",806960,2025,0.238,0.442,0.325,21.6,9.0,11.0,41.6,23.5,35.0,32.1,199
"De los Santos, Yerry",660787,2025,0.268,0.38,0.325,17.5,10.6,5.3,41.2,22.7,56.1,11.4,160
"García, Luis",472610,2025,0.262,0.419,0.326,20.6,11.2,7.5,48.4,24.1,49.7,18.2,233
"Iglesias, Raisel",628452,2025,0.211,0.376,0.277,27.3,6.4,8.7,34.9,30.9,32.0,33.1,267
"Imanaga, Shota",684007,2025,0.233,0.469,0.313,20.6,4.6,11.6,43.5,24.6,30.0,39.5,567
"Leahy, Kyle",681517,2025,0.263,0.417,0.325,22.0,7.7,9.8,44.1,23.1,44.5,21.7,363
"Sands, Cole",663485,2025,0.235,0.403,0.306,21.4,6.4,9.9,41.5,22.2,43.9,25.9,299
"DeSclafani, Anthony",543101,2025,0.232,0.425,0.316,21.3,7.1,8.6,43.1,25.9,43.1,29.3,169
"Jobe, Jackson",695549,2025,0.243,0.439,0.341,17.9,12.4,8.7,43.3,24.7,44.0,28.0,218
"Lee, Dylan",669276,2025,0.202,0.376,0.268,28.6,5.3,10.3,33.5,33.6,38.6,33.0,266
"Kochanowicz, Jack",686799,2025,0.287,0.469,0.368,14.1,11.3,9.4,49.6,20.8,52.5,23.5,512
"Uceta, Edwin",670955,2025,0.219,0.395,0.306,32.1,8.4,9.3,36.6,35.6,32.8,34.4,321
"Márquez, Germán",608566,2025,0.287,0.504,0.366,14.0,8.1,11.1,48.5,18.6,36.9,28.5,591
"Fedde, Erick",607200,2025,0.275,0.461,0.355,13.3,10.8,7.9,42.6,18.0,42.1,26.6,623
"Wrobleski, Justin",680736,2025,0.244,0.359,0.289,27.1,6.1,3.8,47.8,24.6,51.1,19.6,280
"Leasure, Jordan",673929,2025,0.19,0.348,0.279,30.1,11.2,10.8,37.6,31.9,28.7,31.8,269
"Suter, Brent",608718,2025,0.25,0.425,0.314,18.2,6.2,8.0,32.9,21.4,45.4,28.9,291
"Gage, Matt",657424,2025,0.23,0.291,0.271,19.7,8.8,3.1,33.3,23.1,52.1,17.7,137
"Megill, Trevor",656730,2025,0.221,0.364,0.281,31.3,8.9,7.8,39.1,31.4,40.0,26.1,192
"Bautista, Félix",642585,2025,0.151,0.278,0.264,35.2,16.2,8.7,42.0,35.7,50.7,17.4,142
"Gibaut, Ian",664139,2025,0.24,0.428,0.312,13.8,7.3,10.5,33.7,17.5,37.2,27.9,109
"Díaz, Edwin",621242,2025,0.17,0.264,0.247,38.0,8.1,4.6,39.7,41.5,48.1,23.7,258
"Martinez, Nick",607259,2025,0.257,0.41,0.312,17.0,6.1,7.0,34.5,19.9,39.3,27.7,683
"Scott, Tayler",605463,2025,0.263,0.498,0.382,17.9,13.4,11.1,44.0,27.7,45.1,25.3,134
"De Los Santos, Enyel",660853,2025,0.246,0.413,0.316,22.1,8.6,8.9,40.1,30.0,33.3,26.6,280
"Kirby, George",669923,2025,0.249,0.399,0.306,26.1,5.5,8.6,43.9,26.7,44.4,23.4,524
"Holderman, Colin",670059,2025,0.284,0.428,0.364,14.4,12.8,5.7,43.8,25.8,52.8,19.1,125
"Hendricks, Kyle",543294,2025,0.246,0.408,0.308,16.4,6.2,8.3,34.3,18.3,39.2,28.9,695
"Thornton, Trent",663423,2025,0.265,0.44,0.339,17.8,7.8,6.9,42.3,20.6,43.8,24.6,180
"Soroka, Michael",647336,2025,0.21,0.351,0.293,25.1,7.7,6.7,40.4,23.7,44.2,29.2,379
"Lodolo, Nick",666157,2025,0.227,0.388,0.291,24.3,4.8,8.2,40.5,27.5,44.6,27.1,642
"Palmquist, Carson",687223,2025,0.256,0.516,0.378,15.4,14.3,14.2,40.0,21.0,32.5,35.8,175
"Gibson, Cade",806188,2025,0.244,0.347,0.304,18.7,9.1,5.6,37.5,22.3,51.9,17.5,230
"Taillon, Jameson",592791,2025,0.241,0.424,0.305,18.9,5.2,8.1,38.3,20.8,34.3,32.2,519
"Nicolas, Kyle",693312,2025,0.235,0.381,0.316,20.4,10.8,7.1,38.9,29.4,41.6,26.5,167
"Bivens, Spencer",702352,2025,0.247,0.394,0.313,17.8,7.3,7.2,37.3,17.0,52.8,20.6,343
"Sauer, Matt",669422,2025,0.281,0.462,0.34,18.6,6.2,8.4,36.8,19.2,42.1,24.2,129
"Morton, Charlie",450203,2025,0.246,0.409,0.333,22.8,11.0,8.6,43.6,27.9,44.4,24.9,654
"Bachar, Lake",669199,2025,0.228,0.441,0.327,25.3,10.1,10.7,41.5,30.2,35.1,28.7,296
"Snider, Collin",676092,2025,0.282,0.51,0.361,20.2,5.0,12.8,47.1,21.7,41.4,24.1,119
"Schwellenbach, Spencer",680885,2025,0.251,0.395,0.294,24.9,4.1,7.5,41.5,28.3,47.4,19.3,434
"Assad, Javier",665871,2025,0.281,0.413,0.339,15.0,7.8,3.5,40.4,16.5,46.5,20.2,153
"Fairbanks, Pete",664126,2025,0.219,0.338,0.275,24.2,7.4,4.8,42.8,26.1,45.8,24.7,244
"Gordon, Tanner",685299,2025,0.294,0.53,0.368,18.4,5.0,11.5,41.2,18.0,35.3,29.4,337
"Lynch IV, Daniel",663738,2025,0.252,0.414,0.328,15.6,9.0,8.1,42.5,22.3,49.1,25.0,289
"Snell, Blake",605483,2025,0.224,0.322,0.283,28.3,10.2,5.8,34.0,35.6,50.6,17.9,254
"Dubin, Shawn",681869,2025,0.236,0.376,0.301,19.3,7.6,4.8,40.4,20.7,49.0,20.2,145
"Cabrera, Edward",665795,2025,0.238,0.394,0.312,25.8,8.3,8.6,46.4,29.4,47.5,24.7,581
"Thielbar, Caleb",573204,2025,0.2,0.321,0.247,25.5,5.9,6.6,31.8,26.9,39.7,30.5,220
"Pepiot, Ryan",686752,2025,0.225,0.401,0.31,24.6,9.0,9.7,42.5,26.0,38.7,29.7,679
"Mazur, Adam",800049,2025,0.273,0.459,0.347,13.7,8.6,8.4,31.8,21.8,43.0,29.0,139
"Spence, Mitch",687765,2025,0.284,0.508,0.363,17.6,6.9,11.9,42.8,25.7,43.9,25.2,375
"Gausman, Kevin",592332,2025,0.238,0.407,0.301,24.4,6.5,8.5,41.4,26.4,37.3,29.8,775
"Lugo, Seth",607625,2025,0.256,0.48,0.348,20.5,9.0,11.1,45.2,20.6,39.3,27.5,611
"Rocker, Kumar",677958,2025,0.278,0.491,0.364,19.5,8.0,11.8,47.5,24.9,49.0,23.0,287
"Burrows, Mike",681347,2025,0.247,0.425,0.322,24.1,7.7,10.8,42.0,27.0,41.3,25.3,402
"Gusto, Ryan",687473,2025,0.25,0.446,0.33,21.4,7.9,9.5,45.7,23.4,36.8,29.2,453
"Ashcraft, Graham",668933,2025,0.243,0.337,0.29,22.5,8.8,4.1,32.3,29.8,58.5,12.8,284
"Holmes, Grant",656550,2025,0.24,0.414,0.329,25.0,11.0,10.1,41.9,29.7,45.8,27.6,492
"Pressly, Ryan",519151,2025,0.282,0.439,0.35,15.4,9.3,6.7,50.0,17.4,53.0,18.7,182
"Sousa, Bennett",656986,2025,0.199,0.335,0.266,29.6,7.5,8.1,36.8,36.8,39.2,28.0,199
"Rea, Colin",607067,2025,0.261,0.438,0.328,19.2,6.6,10.3,41.0,22.0,40.0,24.3,662
"Festa, Matt",670036,2025,0.232,0.341,0.29,24.8,6.6,6.0,34.0,27.3,42.7,23.3,226
"Uribe, Abner",682842,2025,0.203,0.28,0.26,30.2,9.1,2.9,34.9,32.0,54.3,16.0,298
"Newcomb, Sean",656794,2025,0.25,0.374,0.306,23.3,7.9,5.7,41.8,21.4,47.5,21.7,391
"Matthews, Zebby",805673,2025,0.265,0.447,0.333,24.9,6.8,9.9,38.8,27.5,33.1,30.6,354
"Walker, Taijuan",592836,2025,0.259,0.439,0.33,16.0,7.8,7.4,41.4,18.5,44.8,24.6,538
"Curtiss, John",595928,2025,0.263,0.462,0.32,17.0,3.5,8.9,42.9,20.4,30.4,31.3,141
"Raley, Brooks",548384,2025,0.185,0.289,0.241,25.3,6.1,0.0,37.9,20.8,33.3,31.8,99
"Quantrill, Cal",615698,2025,0.281,0.517,0.366,16.6,6.8,12.5,44.3,20.2,34.3,30.9,513
"Vargas, Carlos",672841,2025,0.246,0.371,0.298,16.3,6.9,4.9,35.2,18.9,57.1,20.2,331
"Adam, Jason",592094,2025,0.196,0.309,0.26,25.9,9.3,7.0,38.0,33.3,43.9,30.4,270
"Herget, Jimmy",623474,2025,0.217,0.352,0.284,23.3,7.5,7.3,39.1,26.9,35.2,28.8,347
"Bradley, Taj",671737,2025,0.237,0.405,0.314,21.0,9.3,7.4,39.9,23.6,43.3,26.6,605
"Fermin, José",820862,2025,0.187,0.399,0.314,25.7,15.1,13.5,46.1,33.1,31.5,42.7,152
"Alvarado, José",621237,2025,0.222,0.404,0.297,28.1,6.1,12.2,47.3,24.3,47.3,20.3,114
"Strahm, Matt",621381,2025,0.197,0.33,0.261,27.3,7.8,4.3,38.4,23.8,23.8,36.0,256
"Svanson, Matt",694335,2025,0.201,0.337,0.275,29.1,8.5,8.5,35.9,23.1,43.0,24.6,234
"Baker, Bryan",641329,2025,0.233,0.447,0.311,30.3,6.2,12.6,48.3,29.1,37.9,28.2,274
"Englert, Mason",669438,2025,0.269,0.415,0.318,23.8,5.9,9.4,46.9,25.1,41.4,24.2,185
"Bello, Brayan",678394,2025,0.258,0.409,0.327,17.7,8.4,7.1,39.3,20.1,50.0,24.0,700
"Ohl, Pierson",701487,2025,0.291,0.452,0.337,20.3,5.3,10.1,39.4,22.0,35.4,23.2,133
"Sheehan, Emmet",686218,2025,0.203,0.346,0.271,30.6,7.6,10.1,41.6,32.9,33.7,29.8,291
"Walker, Ryan",676254,2025,0.251,0.368,0.304,22.6,6.8,5.0,35.6,21.6,50.0,18.9,266
"Rogers, Tyler",643511,2025,0.246,0.311,0.256,16.1,2.3,2.1,33.1,15.9,61.6,12.8,299
"Henderson, Logan",701656,2025,0.234,0.387,0.299,33.3,8.1,8.6,32.8,27.6,22.4,34.5,99
"Peralta, Freddy",642547,2025,0.206,0.361,0.289,28.2,9.1,9.3,34.5,30.1,37.5,28.9,723
"Helsley, Ryan",664854,2025,0.242,0.395,0.31,25.0,9.9,7.4,41.7,29.5,45.4,23.9,252
"Gil, Luis",661563,2025,0.255,0.42,0.342,16.8,13.5,8.3,42.6,21.5,32.0,29.6,244
"Woo, Bryan",693433,2025,0.215,0.373,0.274,27.1,4.9,9.1,41.8,26.2,41.4,26.8,731
"Eovaldi, Nathan",543135,2025,0.219,0.358,0.271,26.0,4.2,7.4,38.5,27.7,51.2,24.9,496
"Messick, Parker",800048,2025,0.237,0.368,0.274,23.0,3.6,5.8,29.8,26.0,48.8,20.7,165
"Ashcraft, Braxton",677952,2025,0.235,0.35,0.289,24.3,8.2,4.7,38.5,26.2,50.8,22.1,292
"Crismatt, Nabil",622503,2025,0.28,0.436,0.33,16.3,5.9,5.1,29.7,23.8,45.8,24.6,153
"Kranick, Max",668820,2025,0.262,0.453,0.329,16.7,4.7,9.5,44.9,20.7,36.4,28.8,150
"Nelson, Ryne",669194,2025,0.245,0.411,0.308,21.3,6.6,7.5,45.5,21.6,40.0,28.1,619
"Giolito, Lucas",608337,2025,0.264,0.464,0.345,19.7,9.1,9.0,41.1,22.9,39.5,27.0,613
"Holton, Tyler",663947,2025,0.25,0.414,0.303,20.5,5.4,8.2,37.7,24.6,48.1,23.8,312
"Booser, Cam",592155,2025,0.202,0.422,0.326,24.5,13.3,13.8,42.5,30.0,32.2,34.5,143
"Beeks, Jalen",656222,2025,0.235,0.398,0.306,20.3,8.7,10.5,39.5,27.7,46.9,27.8,231
"Coulombe, Danny",543056,2025,0.242,0.381,0.309,24.4,10.2,5.2,38.3,27.7,41.7,25.2,176
"Ortiz, Luis",682847,2025,0.247,0.442,0.336,25.1,11.0,10.4,47.7,28.9,46.9,24.3,382
"Irvin, Jake",663623,2025,0.273,0.505,0.36,15.8,7.9,12.0,47.1,18.2,43.5,27.9,787
"Sabrowski, Erik",681870,2025,0.155,0.279,0.286,34.7,17.4,3.6,41.8,38.1,29.1,23.6,121
"Shugart, Chase",663767,2025,0.241,0.441,0.332,17.1,9.4,9.2,38.6,24.6,33.3,28.0,181
"Allard, Kolby",663465,2025,0.241,0.39,0.286,15.8,5.3,5.7,35.9,19.6,38.3,26.3,266
"Canning, Griffin",656288,2025,0.252,0.434,0.334,21.4,10.4,9.5,45.7,25.5,51.6,22.0,327
"Roupp, Landen",694738,2025,0.248,0.408,0.319,21.4,9.5,8.9,36.5,25.2,46.0,24.2,476
"Anderson, Tyler",542881,2025,0.253,0.48,0.345,17.4,9.5,11.0,36.6,25.0,29.4,34.9,599
"Eflin, Zach",621107,2025,0.265,0.468,0.327,16.2,4.2,9.4,40.6,20.5,42.2,29.5,309
"Strowd, Kade",669704,2025,0.192,0.258,0.262,22.9,12.4,1.5,31.3,26.8,56.7,20.9,105
"Liberatore, Matthew",669461,2025,0.272,0.465,0.339,18.8,6.2,10.6,41.1,20.2,39.0,27.4,648
"Wentz, Joey",666214,2025,0.257,0.421,0.329,20.8,9.7,9.5,42.8,23.5,38.2,27.5,442
"Paddack, Chris",663978,2025,0.273,0.488,0.344,16.7,5.5,10.2,45.6,20.7,37.5,28.2,670
"Gallen, Zac",668678,2025,0.242,0.434,0.32,21.5,8.1,9.7,43.0,23.7,44.4,30.3,813
"Horton, Cade",690990,2025,0.236,0.406,0.306,20.4,6.9,10.1,41.3,25.8,42.8,29.2,476
"Rolison, Ryan",669020,2025,0.284,0.491,0.364,13.0,10.4,9.6,38.5,17.4,48.6,26.4,193
"Wilson, Bryse",669060,2025,0.336,0.578,0.422,12.5,8.5,11.0,45.4,16.7,35.1,29.9,224
"Fernandez, Ryan",681676,2025,0.225,0.404,0.313,24.3,11.4,11.2,43.8,32.1,46.1,30.3,140
"Cantillo, Joey",676282,2025,0.229,0.37,0.3,26.9,10.5,7.2,41.8,29.7,41.4,25.9,401
"Pagán, Emilio",641941,2025,0.181,0.346,0.266,30.0,8.1,9.1,37.0,29.2,29.1,38.8,270
"Wilson, Justin",458677,2025,0.236,0.363,0.296,27.5,9.7,7.0,35.9,31.9,46.9,21.1,207
"Schmidt, Clarke",657376,2025,0.198,0.339,0.272,23.1,9.5,6.6,35.4,26.6,33.0,31.6,316
"Quintana, Jose",500779,2025,0.269,0.463,0.349,16.0,9.0,9.7,41.7,18.4,42.7,27.2,556
"Cavalli, Cade",676917,2025,0.259,0.393,0.315,18.3,6.8,4.5,41.8,27.9,55.1,15.8,219
"Ober, Bailey",641927,2025,0.248,0.462,0.323,19.2,5.0,10.9,39.1,24.1,30.6,34.0,624
"Cruz, Steven",674444,2025,0.221,0.357,0.289,20.1,9.5,5.3,34.1,24.3,40.2,27.3,189
"Maton, Phil",664208,2025,0.195,0.282,0.264,32.5,9.6,3.6,30.7,36.2,46.0,19.7,249
"Lauer, Eric",641778,2025,0.24,0.419,0.306,23.9,6.1,8.1,41.9,23.7,29.7,34.8,426
"Junk, Janson",676083,2025,0.277,0.453,0.326,17.2,2.9,8.5,47.3,18.2,41.4,24.9,447
"Pérez, Eury",691587,2025,0.203,0.366,0.281,27.3,8.3,9.0,46.5,28.4,31.4,37.1,385
"Harrison, Kyle",690986,2025,0.246,0.409,0.316,24.4,9.0,6.8,42.7,25.9,39.8,26.2,156
"Blewett, Scott",656240,2025,0.248,0.446,0.332,18.0,9.3,11.4,50.0,27.6,49.3,28.6,194
"Brasier, Ryan",518489,2025,0.298,0.451,0.34,19.0,4.8,6.3,43.8,20.8,40.0,22.5,105
"Leiter, Jack",683004,2025,0.235,0.427,0.326,22.9,10.4,10.8,43.9,24.3,37.8,30.0,646
"Warren, Will",701542,2025,0.252,0.426,0.33,24.1,9.1,10.9,45.3,24.6,42.8,25.5,711
"Peralta, Wandy",593974,2025,0.252,0.386,0.311,20.1,9.6,6.9,36.2,29.0,59.6,17.9,313
"Teng, Kai-Wei",678906,2025,0.213,0.321,0.311,28.1,12.2,3.9,31.6,27.5,40.8,28.9,139
"Boushley, Caleb",676961,2025,0.306,0.496,0.37,21.2,7.3,11.8,50.0,20.8,39.7,20.6,193
"Chapman, Aroldis",547973,2025,0.175,0.278,0.227,37.3,6.6,5.5,36.7,35.8,38.3,28.1,228
"Lee, Chase",695445,2025,0.266,0.507,0.346,24.3,6.1,13.9,40.6,21.1,35.6,33.7,148
"Santana, Dennis",642701,2025,0.216,0.403,0.292,22.2,6.3,10.6,37.4,27.3,38.9,34.2,270
"Phillips, Connor",683175,2025,0.186,0.381,0.308,32.7,12.2,15.4,40.4,37.4,30.8,34.6,98
"Bibee, Tanner",676440,2025,0.226,0.385,0.297,21.3,7.1,8.1,36.6,23.8,45.3,26.5,762
"Hurter, Brant",676428,2025,0.227,0.327,0.297,24.5,9.7,3.5,36.8,26.0,50.9,19.9,277
"Vásquez, Randy",681190,2025,0.267,0.481,0.354,13.7,9.1,10.9,39.3,15.7,40.2,27.9,570
"Javier, Cristian",664299,2025,0.21,0.355,0.285,21.7,9.6,6.5,38.3,24.0,31.8,31.8,157
"Mize, Casey",663554,2025,0.236,0.412,0.298,22.2,5.7,9.2,42.5,24.1,40.3,29.2,627
"Burke, Sean",680732,2025,0.246,0.457,0.342,22.3,10.6,10.5,42.7,25.1,36.1,32.1,596
"Faucher, Calvin",676534,2025,0.263,0.387,0.323,23.1,9.4,4.7,34.3,23.7,45.0,23.1,255
"Henry, Cole",669371,2025,0.212,0.366,0.326,21.6,13.3,7.5,37.0,25.6,32.2,28.1,241
"Abreu, Bryan",650556,2025,0.211,0.338,0.288,35.5,10.5,8.4,45.5,41.2,35.9,24.4,296
"Bummer, Aaron",607481,2025,0.267,0.372,0.318,21.6,7.6,3.2,39.1,22.9,55.8,16.0,236
"Bradish, Kyle",680694,2025,0.21,0.341,0.275,37.3,7.9,8.8,38.2,34.8,33.8,23.5,126
"Saalfrank, Andrew",685314,2025,0.242,0.422,0.311,16.8,8.8,7.1,40.5,27.9,45.2,28.6,113
"Romero, JoJo",668941,2025,0.22,0.343,0.291,21.6,11.4,7.3,35.1,27.0,57.1,18.5,255
"Miller, Mason",695243,2025,0.157,0.279,0.249,44.4,12.0,10.0,37.6,45.2,41.6,27.7,234
"Chafin, Andrew",605177,2025,0.214,0.319,0.29,25.2,13.3,3.4,37.5,27.7,46.6,21.6,143
"López, Pablo",641154,2025,0.248,0.398,0.309,23.4,6.4,6.0,35.3,25.9,38.6,27.4,312
"Fisher, Braydon",680755,2025,0.206,0.35,0.285,30.7,9.4,7.6,36.4,29.9,36.4,33.1,202
"Boyle, Joe",671212,2025,0.218,0.378,0.312,25.7,12.4,10.2,46.0,29.0,44.5,28.5,226
"Detmers, Reid",672282,2025,0.231,0.363,0.296,30.1,9.4,8.2,42.8,32.7,45.3,23.3,266
"Bellozo, Valente",678368,2025,0.26,0.51,0.35,15.5,6.6,11.7,41.4,20.2,32.0,38.0,348
"Ureña, José",570632,2025,0.292,0.542,0.389,13.9,9.4,13.0,40.0,19.8,37.3,25.4,245
"Povich, Cade",700249,2025,0.269,0.495,0.356,24.2,8.8,11.3,46.9,24.2,42.3,26.4,488
"Alexander, Jason",669920,2025,0.27,0.444,0.339,19.3,7.7,8.3,45.9,24.6,44.6,24.4,336
"Blalock, Bradley",687134,2025,0.322,0.591,0.409,9.8,8.4,12.2,45.9,15.9,40.5,31.1,275
"Crochet, Garrett",676979,2025,0.21,0.347,0.266,31.3,5.7,7.3,37.3,29.4,49.3,23.0,814
"Murphy, Chris",669684,2025,0.212,0.341,0.31,20.3,13.5,7.5,46.2,26.5,53.8,20.4,148
"King, Bryan",687911,2025,0.222,0.358,0.274,25.1,4.0,5.8,36.1,24.4,42.4,24.6,275
"May, Dustin",669160,2025,0.261,0.451,0.349,21.1,9.6,9.2,44.5,20.0,42.7,26.2,584
"Salazar, Eduardo",674285,2025,0.287,0.478,0.369,15.2,11.3,9.2,44.5,20.7,50.9,21.8,151
"Palencia, Daniel",694037,2025,0.225,0.354,0.282,28.4,7.4,4.4,48.5,27.5,39.7,25.7,215
"Ashby, Aaron",676879,2025,0.219,0.301,0.276,28.1,8.9,3.1,40.0,27.0,62.4,13.9,270
"Bergert, Ryan",686701,2025,0.238,0.41,0.322,22.6,10.8,7.0,36.4,23.9,29.4,36.9,323
"Waddell, Brandon",663399,2025,0.281,0.486,0.36,16.4,8.2,10.0,40.0,20.6,40.0,34.0,134
"Woods Richardson, Simeon",680573,2025,0.214,0.402,0.304,22.7,9.8,11.4,41.6,24.1,33.3,34.9,471
"Civale, Aaron",650644,2025,0.233,0.423,0.314,20.2,7.6,9.8,39.1,21.8,34.9,31.9,435
"Mejia, Juan",675848,2025,0.199,0.297,0.271,26.1,9.6,5.1,34.6,30.4,38.9,27.2,261
"Cease, Dylan",656302,2025,0.214,0.359,0.29,29.8,9.8,8.6,37.5,33.4,37.3,30.3,722
"Montero, Keider",672456,2025,0.26,0.446,0.333,18.5,8.0,8.2,39.4,19.8,41.2,27.1,389
"Gray, Sonny",543243,2025,0.25,0.416,0.306,26.7,5.0,9.8,40.7,27.5,45.1,23.2,753
"Taylor, Grant",691799,2025,0.213,0.307,0.267,34.4,9.6,5.7,50.0,30.7,51.1,17.0,157
"Elder, Bryce",693821,2025,0.266,0.448,0.335,19.3,7.5,7.8,43.8,22.5,48.9,25.1,679
"Fluharty, Mason",689254,2025,0.205,0.35,0.284,26.0,11.2,7.5,33.1,31.9,42.1,30.1,215
"Borucki, Ryan",621366,2025,0.263,0.433,0.341,22.1,11.0,8.3,38.5,29.8,58.3,15.6,145
"Blanco, Ronel",669854,2025,0.199,0.354,0.279,24.1,10.1,8.4,30.5,32.0,35.9,32.1,199
"Matz, Steven",571927,2025,0.233,0.404,0.287,19.1,3.6,6.4,40.5,18.8,47.7,21.5,309
"Falter, Bailey",663559,2025,0.263,0.462,0.34,15.6,8.9,9.5,45.1,18.1,36.2,29.0,518
"Buehler, Walker",621111,2025,0.268,0.45,0.355,16.3,10.6,9.5,37.8,19.2,42.5,24.0,564
"Abbott, Andrew",671096,2025,0.233,0.385,0.294,21.8,6.3,8.0,33.7,24.0,32.9,32.9,684
"Gipson-Long, Sawyer",687830,2025,0.296,0.557,0.377,19.5,4.5,13.1,39.4,24.4,40.4,29.3,133
"Rodríguez, Manuel",655889,2025,0.245,0.33,0.274,20.7,5.0,3.4,41.6,25.9,59.6,13.5,121
"Scott, Tanner",656945,2025,0.247,0.418,0.317,25.3,7.2,9.0,42.3,29.5,39.7,26.3,237
"Hatch, Thomas",641672,2025,0.253,0.449,0.337,14.5,11.2,8.0,38.1,19.2,44.2,30.1,152
"Rodríguez, Randy",678495,2025,0.188,0.308,0.251,33.8,5.6,7.8,36.2,31.1,37.1,31.0,198
"Ross, Joe",605452,2025,0.286,0.52,0.373,17.1,7.9,11.9,43.5,22.4,46.4,25.0,228
"Nance, Tommy",667297,2025,0.266,0.388,0.306,25.4,5.6,8.2,45.3,24.7,52.3,18.6,126
"Young, Brandon",687064,2025,0.242,0.439,0.32,18.4,8.6,10.2,42.2,21.6,44.9,28.9,256
"Rasmussen, Drew",656876,2025,0.236,0.375,0.291,21.7,6.3,6.3,43.3,22.2,49.5,23.1,585
"Freeland, Kyle",607536,2025,0.282,0.473,0.342,17.5,5.4,9.4,47.3,21.0,41.6,25.3,709
"Okert, Steven",595345,2025,0.184,0.326,0.253,30.4,6.9,7.1,32.7,32.8,25.7,36.8,276
"Verlander, Justin",434378,2025,0.252,0.419,0.319,20.7,7.9,8.1,37.0,24.8,35.5,30.0,662
"Cruz, Fernando",518585,2025,0.198,0.332,0.288,36.0,12.0,8.9,38.6,46.5,39.6,27.7,200
"Brown, Hunter",686613,2025,0.217,0.339,0.277,28.3,7.8,5.9,32.2,27.8,48.1,23.3,729
"Lively, Ben",594902,2025,0.246,0.46,0.332,16.3,8.4,10.4,44.8,16.2,30.6,38.1,178
"Berríos, José",621244,2025,0.255,0.454,0.337,19.8,8.0,11.3,42.5,22.0,42.3,27.4,698
"Rodriguez, Eduardo",593958,2025,0.259,0.43,0.328,20.6,8.6,8.2,35.2,23.0,38.9,23.9,694
"Long, Sam",669674,2025,0.262,0.423,0.342,17.5,11.6,8.3,42.4,19.1,41.7,28.0,189
"Patrick, Chad",694477,2025,0.24,0.395,0.306,25.2,8.0,8.1,42.2,23.5,31.9,28.9,503
"Gilbert, Tyler",656457,2025,0.22,0.404,0.312,22.8,11.2,10.1,40.7,26.2,33.6,35.7,215
"Arrighetti, Spencer",681293,2025,0.25,0.426,0.356,19.9,12.8,8.8,45.1,27.4,38.2,25.5,156
"Lopez, Jacob",682052,2025,0.21,0.369,0.297,28.3,9.3,6.6,33.2,28.3,28.6,33.6,399
"Lorenzen, Michael",547179,2025,0.26,0.451,0.331,21.0,6.4,8.8,39.2,23.4,39.2,27.2,606
"Reynolds, Sean",669308,2025,0.251,0.491,0.379,21.4,14.5,11.1,43.1,22.7,31.9,33.3,117
"Greene, Hunter",668881,2025,0.202,0.372,0.273,31.4,6.2,9.7,45.0,31.4,34.2,31.9,420
"Hill, Jaden",677955,2025,0.217,0.332,0.285,24.0,9.3,2.4,34.9,26.1,44.6,25.3,129
"Houser, Adrian",605288,2025,0.254,0.387,0.312,17.8,7.3,6.1,47.6,18.1,48.9,20.8,518
"Herrin, Tim",682120,2025,0.223,0.35,0.324,23.2,15.5,5.4,42.5,29.4,41.6,29.2,194
"Manaea, Sean",640455,2025,0.24,0.422,0.31,28.5,4.6,8.9,42.6,26.8,37.9,24.9,263
"Mattson, Isaac",676755,2025,0.208,0.361,0.283,22.7,9.6,6.1,39.4,23.2,28.8,32.6,198
"Festa, David",701581,2025,0.243,0.465,0.338,23.1,8.3,11.8,40.5,27.4,36.6,34.0,229
"Perkins, Jack",678022,2025,0.214,0.351,0.297,23.0,11.2,9.6,35.6,32.2,41.3,32.7,161
"Boyd, Matthew",571510,2025,0.24,0.398,0.301,21.4,5.8,9.0,38.0,23.1,39.0,30.4,718
"Payamps, Joel",606303,2025,0.283,0.556,0.391,20.5,7.7,17.1,40.2,25.0,31.7,40.2,117
"Bieber, Shane",669456,2025,0.261,0.465,0.327,23.3,4.4,12.3,48.2,27.9,49.1,25.4,159
"Veneziano, Anthony",685107,2025,0.277,0.476,0.357,21.4,9.4,11.4,46.8,24.3,50.6,21.5,117
"Castillo, Luis",622491,2025,0.245,0.418,0.312,21.7,6.2,10.4,46.4,24.6,41.1,28.7,745
"Cleavinger, Garrett",664076,2025,0.205,0.333,0.28,33.7,7.4,5.9,41.2,36.0,47.1,27.9,243
"Evans, Logan",688138,2025,0.271,0.465,0.35,16.9,8.9,10.5,42.6,19.4,40.2,25.0,350
"Loáisiga, Jonathan",642528,2025,0.237,0.372,0.294,18.5,7.4,6.3,35.4,26.5,50.0,20.8,135
"Montas, Frankie",593423,2025,0.279,0.483,0.353,18.0,7.9,11.5,40.5,23.8,41.2,28.2,178
"Brown, McCade",685326,2025,0.262,0.487,0.384,18.3,13.5,9.9,45.7,23.3,34.6,27.2,126
"Severino, Luis",622663,2025,0.266,0.416,0.331,17.6,7.1,6.0,41.9,18.3,41.9,23.7,705
"Kershaw, Clayton",477132,2025,0.249,0.377,0.303,18.1,7.6,4.1,42.1,24.3,48.2,22.2,463
"Pivetta, Nick",601713,2025,0.228,0.424,0.309,26.4,6.9,10.9,45.0,24.6,34.1,33.3,721
"Bazardo, Eduard",660825,2025,0.206,0.359,0.285,26.2,8.6,9.4,37.1,19.4,38.6,30.7,313
"Erceg, Lucas",668674,2025,0.248,0.388,0.305,19.3,7.2,7.3,37.4,24.7,52.0,19.0,249
"Parker, Mitchell",680730,2025,0.297,0.507,0.37,14.2,8.0,9.7,50.0,19.6,37.7,27.9,725
"Springs, Jeffrey",605488,2025,0.249,0.431,0.321,19.4,7.6,8.1,37.3,26.0,31.9,29.5,713
"Enright, Nic",663671,2025,0.23,0.365,0.303,23.6,9.4,6.0,36.1,26.4,33.7,30.1,127
"Pfaadt, Brandon",694297,2025,0.284,0.494,0.352,19.2,4.8,10.9,45.8,22.1,42.3,23.9,767
"Ryan, Joe",657746,2025,0.209,0.397,0.289,28.2,5.7,11.5,41.9,26.1,36.9,32.2,689
"Junis, Jakob",596001,2025,0.256,0.406,0.312,20.1,6.6,6.1,38.6,22.7,42.1,25.9,274
"Strider, Spencer",675911,2025,0.253,0.455,0.341,24.3,9.5,10.6,42.7,30.6,37.5,31.5,539
"McCullers Jr., Lance",621121,2025,0.242,0.428,0.353,22.3,14.2,11.4,50.0,25.1,47.6,25.9,274
"Kremer, Dean",665152,2025,0.238,0.413,0.304,20.1,6.4,8.7,35.8,22.9,40.2,28.4,708
"Altavilla, Dan",656186,2025,0.236,0.381,0.333,17.5,12.5,8.8,31.3,22.5,52.5,17.5,120
"Bernardino, Brennan",657514,2025,0.21,0.325,0.287,19.1,12.0,7.3,35.8,19.3,50.3,21.9,225
"Bubic, Kris",663460,2025,0.221,0.333,0.278,24.4,8.2,6.6,39.3,28.8,46.5,19.8,476
"Romano, Jordan",605447,2025,0.223,0.417,0.313,25.1,9.1,10.0,39.2,28.7,38.3,31.7,187
"Hernández, Daysbel",678226,2025,0.204,0.343,0.318,20.2,17.8,9.1,37.4,29.2,45.5,28.3,163
"Meyer, Max",676974,2025,0.263,0.453,0.337,23.9,7.0,9.2,48.2,27.4,49.7,24.6,285
"Richardson, Lyon",680689,2025,0.273,0.413,0.345,17.4,12.2,5.9,46.2,22.3,53.8,20.2,172
"Vesia, Alex",681911,2025,0.185,0.346,0.274,33.8,9.3,10.8,37.7,30.7,30.8,29.2,237
"Cano, Yennier",666974,2025,0.234,0.351,0.299,21.1,9.6,4.7,35.3,23.5,55.9,17.6,251
"Sale, Chris",519242,2025,0.205,0.32,0.264,32.4,6.3,6.3,35.4,30.1,40.1,30.8,510
"Stroman, Marcus",573186,2025,0.275,0.497,0.367,14.9,9.1,10.8,49.6,19.2,48.1,28.2,175
"Sears, JP",676664,2025,0.241,0.446,0.319,20.1,6.2,9.4,39.4,21.6,30.2,36.6,583
"Bird, Jake",656234,2025,0.235,0.373,0.305,26.6,10.1,8.4,42.9,28.1,46.1,24.0,248
"Sánchez, Cristopher",650911,2025,0.225,0.345,0.272,26.3,5.5,5.7,39.8,30.4,58.5,16.9,807
"Hart, Kyle",606996,2025,0.219,0.402,0.299,20.7,7.3,7.9,39.4,19.9,33.1,39.4,179
"Blubaugh, AJ",805123,2025,0.184,0.383,0.279,28.0,9.6,10.4,42.3,30.0,34.6,38.5,125
"Hader, Josh",623352,2025,0.149,0.271,0.221,36.9,7.8,8.1,34.2,40.5,22.5,35.1,206
"Harris, Hogan",663687,2025,0.239,0.353,0.305,23.5,11.9,5.6,32.6,23.0,34.8,28.7,277
"Henriquez, Ronny",678692,2025,0.182,0.35,0.269,32.3,8.9,10.9,42.5,36.0,40.8,33.9,303
"Hancock, Emerson",676106,2025,0.291,0.468,0.358,16.6,8.1,7.7,42.5,20.3,43.9,25.3,385
"Kikuchi, Yusei",579328,2025,0.25,0.428,0.327,22.5,9.6,9.4,42.2,23.6,40.3,27.6,772
"Senga, Kodai",673540,2025,0.225,0.373,0.309,22.6,11.4,8.0,40.6,27.4,47.6,25.2,482
"Skenes, Paul",694973,2025,0.202,0.321,0.255,29.5,5.7,5.8,40.1,30.1,44.6,24.9,733
"Suarez, Robert",663158,2025,0.237,0.402,0.298,27.9,5.9,9.1,42.6,24.0,36.9,26.7,269
"Martin, Davis",663436,2025,0.272,0.465,0.347,17.3,8.0,9.8,44.6,21.6,45.9,26.7,601
"Lord, Brad",695418,2025,0.27,0.437,0.335,19.8,7.9,7.1,41.8,21.3,49.0,19.9,546
"Webb, Logan",657277,2025,0.246,0.385,0.295,26.2,5.4,8.3,40.2,24.7,54.2,16.9,856
"Lucchesi, Joey",664192,2025,0.231,0.371,0.293,18.8,7.3,6.7,31.7,19.6,54.2,20.8,165
"Priester, Quinn",682990,2025,0.237,0.37,0.298,20.2,7.7,7.4,39.4,24.5,55.7,19.1,653
"Myers, Tobias",668964,2025,0.263,0.43,0.324,17.3,6.8,6.7,44.8,21.4,37.0,27.9,220
"Backhus, Kyle",679775,2025,0.265,0.408,0.327,19.1,7.0,4.9,35.4,21.8,37.8,19.5,115
"Singer, Brady",663903,2025,0.243,0.409,0.32,22.8,8.4,9.4,40.7,24.0,39.7,28.4,716
"Agnos, Zach",688642,2025,0.277,0.538,0.384,13.9,11.7,13.0,44.1,29.4,40.2,32.4,137
"Scherzer, Max",453286,2025,0.245,0.482,0.332,22.9,6.4,12.4,38.2,23.6,27.5,37.1,358
"Feltner, Ryan",663372,2025,0.225,0.349,0.284,18.5,8.9,4.1,35.7,26.5,48.0,28.6,135
"Barlow, Scott",605130,2025,0.227,0.365,0.323,24.8,14.9,7.4,30.5,30.8,44.1,25.4,303
"Dodd, Dylan",689266,2025,0.234,0.401,0.289,22.1,3.7,8.0,48.0,30.9,52.0,24.0,136
"Flexen, Chris",623167,2025,0.275,0.478,0.346,12.4,6.7,9.0,41.7,16.7,36.8,29.9,178
"Garcia, Rico",670329,2025,0.224,0.351,0.28,26.8,7.0,7.4,42.6,30.7,47.9,24.5,142
"Alcala, Jorge",660896,2025,0.236,0.428,0.327,23.7,11.7,10.9,37.6,25.7,34.5,32.1,257
"Martin, Chris",455119,2025,0.258,0.426,0.302,24.9,4.0,9.0,41.0,21.8,43.4,27.9,173
"Alcantara, Sandy",645261,2025,0.262,0.436,0.332,19.1,7.7,8.6,45.0,20.9,46.6,24.1,745
"Thompson, Ryan",657044,2025,0.234,0.381,0.295,20.6,7.4,8.1,40.3,25.3,49.2,21.0,175
"Cannon, Jonathan",686563,2025,0.271,0.485,0.354,18.5,8.2,10.8,45.4,21.4,37.6,30.1,466
"Clarke, Taylor",664199,2025,0.239,0.416,0.298,21.4,4.4,7.9,40.8,23.3,44.1,25.0,206
"Muñoz, Andrés",662253,2025,0.194,0.293,0.263,32.7,11.0,6.6,39.9,36.5,51.4,21.7,254
"Wesneski, Hayden",669713,2025,0.246,0.457,0.321,22.1,4.6,10.5,42.1,23.2,38.9,27.4,131
"Beeter, Clayton",690925,2025,0.196,0.329,0.302,31.7,17.3,9.4,32.1,32.9,39.6,24.5,104
"Garcia, Robert",676395,2025,0.235,0.399,0.304,25.3,8.2,7.9,34.3,28.6,39.9,32.0,269
"Smith, Cade",671922,2025,0.201,0.299,0.248,34.7,6.3,4.0,37.0,34.3,36.4,27.2,300
"Mikolas, Miles",571945,2025,0.271,0.513,0.351,14.9,5.5,12.7,41.8,16.5,40.8,30.8,669
"Phillips, Tyler",663969,2025,0.24,0.37,0.297,16.6,7.7,5.1,43.4,27.3,55.7,20.9,313
"Duran, Jhoan",661395,2025,0.21,0.296,0.248,27.9,6.6,4.3,41.6,30.8,65.4,15.1,287
"Simpson, Josh",681006,2025,0.24,0.383,0.333,23.8,14.6,6.7,44.9,26.1,53.9,18.0,151
"Skubal, Tarik",669373,2025,0.206,0.344,0.258,32.2,4.4,8.1,33.0,32.5,41.6,27.3,748
"Slaten, Justin",686580,2025,0.231,0.401,0.292,18.2,7.3,7.8,34.3,27.9,41.2,27.5,137
"Gore, MacKenzie",669022,2025,0.241,0.415,0.322,27.2,9.3,10.6,44.1,29.7,38.5,31.5,679
"King, Michael",650633,2025,0.232,0.427,0.319,24.7,8.4,11.4,38.1,25.8,39.1,30.2,308
"Oviedo, Johan",670912,2025,0.211,0.378,0.316,24.7,13.5,6.9,35.3,29.9,31.4,34.3,170
"Miller, Shelby",571946,2025,0.226,0.378,0.292,29.0,8.1,8.8,42.5,31.7,34.5,29.2,186
"Blackburn, Paul",621112,2025,0.244,0.399,0.31,19.4,6.9,7.9,35.2,22.5,43.8,22.7,175
"Melton, Troy",675512,2025,0.209,0.406,0.297,20.0,8.3,8.6,49.2,23.3,43.8,28.9,180
"Weaver, Luke",596133,2025,0.193,0.359,0.268,27.5,7.6,8.3,39.9,31.0,27.4,39.9,262
"Dobbins, Hunter",690928,2025,0.241,0.415,0.308,17.6,6.6,6.8,41.7,21.9,48.4,19.8,256
"Senzatela, Antonio",622608,2025,0.319,0.545,0.395,11.8,7.6,9.3,46.0,18.1,44.4,24.5,618
"Stewart, Brock",592779,2025,0.192,0.303,0.259,27.7,8.2,4.1,32.7,31.1,37.8,32.7,159
"Mahle, Tyler",641816,2025,0.253,0.413,0.319,19.1,8.4,8.0,37.1,23.2,38.6,26.7,346
"Brubaker, JT",664141,2025,0.255,0.39,0.319,18.8,10.3,6.1,45.1,23.9,43.9,18.3,117
"Ferrer, José A.",678606,2025,0.252,0.353,0.294,21.9,4.9,4.8,42.2,24.8,64.3,13.9,324
"Dreyer, Jack",676263,2025,0.2,0.33,0.257,24.1,7.8,5.3,39.7,26.7,39.2,28.7,307
"Heaney, Andrew",571760,2025,0.284,0.492,0.362,16.0,7.5,10.3,43.6,19.9,37.9,27.4,536
"Yates, Kirby",489446,2025,0.227,0.423,0.318,29.1,10.1,13.0,42.6,35.3,30.6,35.2,179
"Neris, Héctor",593576,2025,0.22,0.44,0.331,28.2,12.9,14.1,44.4,28.6,29.2,34.7,124
"Seymour, Carson",693313,2025,0.275,0.519,0.367,16.7,8.3,15.5,44.8,21.8,50.9,24.1,156
"McGreevy, Michael",700241,2025,0.274,0.457,0.333,14.5,5.0,8.8,40.1,19.2,48.0,24.1,400
"Whitlock, Garrett",676477,2025,0.2,0.311,0.262,31.1,8.2,8.7,36.4,32.8,45.7,23.7,293
"Pallante, Andre",669467,2025,0.258,0.402,0.321,15.5,8.7,6.6,39.9,22.3,59.9,18.1,715
"Kerkering, Orion",689147,2025,0.227,0.353,0.298,24.4,10.2,6.5,33.5,23.7,43.5,25.3,266
"Jackson, Luke",592426,2025,0.239,0.399,0.321,17.4,12.8,6.7,44.0,22.7,52.7,22.0,219
"Miller, Erik",669062,2025,0.253,0.354,0.33,17.2,15.6,3.6,32.5,30.7,49.4,19.3,128
"Varland, Louis",686973,2025,0.25,0.395,0.311,25.3,7.4,9.2,43.7,27.1,53.3,16.8,296
"Suarez, Ranger",624133,2025,0.226,0.351,0.278,23.2,5.8,5.5,31.1,22.2,48.0,24.8,651
"Jansen, Kenley",445276,2025,0.213,0.425,0.301,24.4,8.1,8.9,44.6,25.8,28.7,43.3,234
"Dollander, Chase",801403,2025,0.249,0.448,0.347,18.6,11.1,11.5,40.5,22.9,42.4,27.3,441
"Gonsolin, Tony",664062,2025,0.237,0.47,0.351,24.2,11.5,11.2,44.9,30.3,40.8,31.6,157
"Abel, Mick",690953,2025,0.269,0.455,0.346,22.4,9.2,8.5,49.2,25.4,37.3,33.9,174
"Flaherty, Jack",656427,2025,0.232,0.406,0.31,27.6,8.7,10.3,43.8,27.3,37.1,29.1,681
"Walter, Brandon",687888,2025,0.237,0.391,0.282,24.5,1.9,7.2,38.6,24.6,44.4,26.8,212
"Rutledge, Jackson",671131,2025,0.255,0.448,0.335,19.6,7.6,9.9,49.1,25.3,41.5,28.2,331
"Smith, Shane",681343,2025,0.229,0.383,0.31,23.5,9.4,6.8,45.4,27.7,41.1,27.9,616
"Ohtani, Shohei",660271,2025,0.214,0.322,0.25,33.2,4.3,3.4,30.8,32.5,41.9,26.5,187
"Gaddis, Hunter",683769,2025,0.227,0.384,0.298,26.6,7.7,9.5,39.1,32.2,37.4,30.7,274
"Rogers, Trevor",669432,2025,0.225,0.376,0.288,24.3,6.9,7.6,48.4,25.6,46.4,24.6,423
"Montero, Rafael",606160,2025,0.204,0.327,0.295,22.9,14.6,7.0,38.6,29.3,48.7,25.9,253
"Brash, Matt",666374,2025,0.223,0.336,0.282,29.1,9.0,5.8,30.6,30.9,56.2,16.5,199
"Cortes, Nestor",641482,2025,0.262,0.573,0.395,18.5,12.7,15.1,46.2,25.0,33.0,39.6,157
"Garrett, Reed",657585,2025,0.227,0.342,0.292,26.9,10.9,4.8,40.8,30.5,42.2,24.5,238
"Peterson, David",656849,2025,0.27,0.407,0.331,20.7,9.0,6.4,46.0,24.0,55.4,16.0,723
"Alvarado, Elvis",665660,2025,0.221,0.362,0.304,27.3,12.0,8.3,46.8,33.7,39.4,30.3,183
"Soto, Gregory",642397,2025,0.238,0.343,0.305,25.1,8.6,4.0,37.9,29.9,44.8,24.1,279
"Ginn, J.T.",669372,2025,0.227,0.388,0.301,25.3,7.9,9.8,44.5,28.7,52.3,20.7,392
"Zerpa, Angel",672582,2025,0.246,0.399,0.311,21.1,8.0,8.3,43.0,16.4,63.7,16.1,275
"Holmes, Clay",605280,2025,0.245,0.394,0.322,18.2,9.3,6.8,42.3,22.1,55.9,18.2,708
"Brazobán, Huascar",623211,2025,0.225,0.362,0.309,21.8,10.3,8.1,34.5,23.9,51.7,25.9,262
"Alexander, Tyler",641302,2025,0.28,0.438,0.332,19.4,7.1,5.9,39.6,21.5,35.7,29.2,423
"Morgan, David",688158,2025,0.223,0.348,0.301,25.9,11.9,7.7,45.8,25.5,44.9,21.2,193
"Kahnle, Tommy",592454,2025,0.244,0.413,0.328,18.7,11.6,9.2,37.3,25.4,47.6,23.2,267
"Bido, Osvaldo",674370,2025,0.253,0.487,0.354,18.7,9.6,11.9,40.9,25.0,30.7,37.4,363
"Yarbrough, Ryan",642232,2025,0.256,0.422,0.32,20.8,7.2,6.9,34.0,26.6,39.4,31.4,264
"Burnes, Corbin",669203,2025,0.227,0.385,0.306,23.8,9.8,8.1,41.6,25.7,50.9,19.1,265
"Hamilton, Ian",641656,2025,0.219,0.389,0.315,25.3,13.3,10.1,36.0,27.8,39.0,28.0,166
"Bassitt, Chris",605135,2025,0.252,0.4,0.316,22.6,7.1,8.5,36.6,23.3,46.1,21.6,736
"Houck, Tanner",656557,2025,0.293,0.491,0.376,15.8,8.4,8.1,46.3,21.6,49.0,21.5,203
"Luzardo, Jesús",666200,2025,0.228,0.355,0.285,28.5,7.5,6.7,37.1,30.8,42.7,25.3,758
"Weissert, Greg",669711,2025,0.22,0.371,0.289,20.5,7.6,7.7,38.6,22.4,41.6,27.9,278
"Pomeranz, Drew",519141,2025,0.215,0.365,0.291,28.1,7.4,8.7,42.9,24.5,39.7,26.2,203
"Topa, Justin",623437,2025,0.282,0.4,0.325,18.3,6.7,5.6,44.7,18.1,47.7,17.8,268
"Hanifee, Brenan",669724,2025,0.271,0.418,0.315,15.4,5.4,6.9,44.6,16.1,55.4,17.6,260
"Ogasawara, Shinnosuke",829272,2025,0.263,0.47,0.355,17.3,9.8,10.6,41.5,23.5,38.2,33.3,173
"Morejon, Adrian",670970,2025,0.222,0.31,0.254,24.5,5.9,4.0,30.7,23.8,54.3,19.6,286
"Hoffman, Jeff",656546,2025,0.199,0.408,0.301,29.3,9.4,12.8,39.5,31.6,40.7,26.7,287
"Schreiber, John",670167,2025,0.245,0.416,0.311,23.4,7.2,9.3,38.3,23.4,39.9,27.9,265
"Hodge, Porter",687863,2025,0.232,0.4,0.317,27.2,12.2,9.1,38.2,26.7,38.2,31.5,147
"Stanek, Ryne",592773,2025,0.236,0.411,0.327,22.7,12.5,10.9,43.6,27.8,32.7,33.3,255
"Anderson, Grant",681982,2025,0.243,0.36,0.3,24.7,9.7,5.2,38.1,30.9,42.8,25.8,299
"Speier, Gabe",642100,2025,0.187,0.31,0.247,33.7,4.5,9.0,40.7,30.9,40.0,34.5,243
"Woodford, Jake",663765,2025,0.289,0.428,0.344,13.5,7.6,6.9,33.6,16.4,45.8,22.9,170
"Armstrong, Shawn",542888,2025,0.202,0.338,0.272,26.1,7.0,7.1,34.2,24.4,35.9,33.7,284
"Corbin, Patrick",571578,2025,0.268,0.439,0.336,19.8,7.7,8.4,40.4,26.9,41.0,27.4,663
"Winn, Cole",668390,2025,0.216,0.407,0.317,21.6,10.5,10.5,48.1,22.9,48.1,28.3,162
"Kittredge, Andrew",552640,2025,0.21,0.351,0.261,30.8,5.3,6.8,44.4,29.8,49.6,25.6,208
"Hoglund, Gunnar",680684,2025,0.302,0.622,0.408,16.5,7.9,16.2,45.7,22.0,41.0,33.3,139
"Mlodzinski, Carmen",669387,2025,0.261,0.396,0.313,21.2,6.4,6.1,40.1,23.0,48.5,20.1,419
"Darvish, Yu",506433,2025,0.218,0.395,0.297,23.0,6.4,8.9,33.0,23.0,40.4,28.6,296
"Hernández, Carlos",672578,2025,0.274,0.468,0.359,19.2,10.8,11.4,38.6,26.6,34.3,33.6,203
"Kelly, Merrill",518876,2025,0.25,0.431,0.316,22.3,6.4,9.3,43.5,24.1,43.7,25.8,748
"Burns, Chase",695505,2025,0.218,0.377,0.291,35.6,8.5,9.5,45.7,31.9,37.1,29.5,188
"King, John",667463,2025,0.29,0.441,0.337,12.6,6.3,5.1,43.3,19.9,60.0,18.3,222
"Beck, Tristan",663941,2025,0.261,0.429,0.326,17.7,6.9,8.7,38.2,22.9,42.2,25.4,232
"Little, Brendon",663893,2025,0.194,0.291,0.286,30.8,15.3,6.4,47.1,43.5,59.9,14.0,295
"Megill, Tylor",656731,2025,0.22,0.347,0.306,29.2,10.8,6.4,43.8,30.7,40.9,23.9,305
"Morillo, Juan",666661,2025,0.229,0.326,0.301,23.7,13.2,5.3,42.1,26.6,50.5,13.7,152
"Leiter Jr., Mark",643410,2025,0.235,0.364,0.301,24.7,7.8,5.6,33.3,29.1,47.2,27.1,219
"Vest, Will",676684,2025,0.217,0.315,0.266,26.4,7.7,4.3,41.4,26.7,58.1,18.3,284
"Gomber, Austin",596295,2025,0.279,0.553,0.372,12.5,6.3,14.5,39.5,15.9,34.5,37.3,272
"Hill, Tim",657612,2025,0.241,0.383,0.288,13.8,5.9,7.9,45.1,16.4,64.2,18.1,269
"Enns, Dietrich",608650,2025,0.25,0.365,0.288,24.5,7.5,4.4,36.0,27.2,42.6,19.1,200
"Ragans, Cole",666142,2025,0.187,0.322,0.256,38.1,7.8,9.5,39.4,34.8,37.2,27.0,257
"Seymour, Ian",693855,2025,0.237,0.384,0.308,26.4,7.9,7.1,37.8,27.0,37.2,26.3,242
"Trivino, Lou",642152,2025,0.252,0.443,0.346,17.9,8.7,9.6,30.8,25.1,35.6,29.5,207
"Birdsong, Hayden",806185,2025,0.227,0.42,0.334,22.8,12.4,9.6,46.8,28.4,34.0,30.3,298
"Orze, Eric",679358,2025,0.214,0.356,0.297,22.5,10.7,7.9,30.2,27.0,38.8,20.7,178
"Sasaki, Roki",808963,2025,0.243,0.472,0.362,17.4,13.7,11.1,45.4,22.1,38.9,31.5,161
"Fulmer, Carson",608334,2025,0.22,0.427,0.309,21.1,8.9,11.6,39.5,24.9,43.0,29.1,123
"Ginkel, Kevin",656464,2025,0.228,0.412,0.33,24.0,10.7,10.5,45.5,28.1,46.8,28.6,121
"Waldrep, Hurston",694462,2025,0.251,0.359,0.31,24.0,9.6,4.2,40.3,28.5,49.7,21.5,229
"Montgomery, Mason",682254,2025,0.243,0.401,0.33,30.1,12.9,9.4,39.0,35.8,44.9,24.6,209
"Bender, Anthony",669622,2025,0.215,0.365,0.294,20.6,10.3,7.2,44.6,20.6,48.9,30.2,204
"Latz, Jacob",656641,2025,0.246,0.395,0.315,21.8,10.6,6.4,42.6,29.4,37.9,26.4,348
"Chandler, Bubba",696149,2025,0.231,0.415,0.298,25.0,3.2,9.4,40.7,30.3,46.5,22.1,124
"Wheeler, Zack",554430,2025,0.189,0.313,0.247,33.3,5.6,7.2,34.1,31.5,41.5,28.4,585
"Dana, Caden",702674,2025,0.244,0.423,0.339,23.4,12.8,11.4,39.3,28.2,41.6,33.7,141
"Cabrera, Génesis",650893,2025,0.246,0.451,0.333,18.7,9.6,11.4,42.4,27.1,39.4,33.3,187
"Soriano, George",666277,2025,0.309,0.54,0.402,20.8,11.0,14.8,44.3,26.0,44.3,23.5,173
"Baz, Shane",669358,2025,0.23,0.386,0.306,24.8,9.0,9.5,39.4,25.8,47.0,22.7,711
"Treinen, Blake",595014,2025,0.213,0.352,0.301,27.9,14.7,6.9,37.5,25.6,34.7,30.6,129
"Jax, Griffin",643377,2025,0.228,0.359,0.282,35.0,7.4,9.4,44.1,37.3,46.6,20.5,283
"Kelly, Kevin",687330,2025,0.293,0.573,0.381,20.5,5.3,15.7,52.8,21.2,44.1,24.4,171
"Funderburk, Kody",681892,2025,0.244,0.34,0.298,21.9,9.8,4.9,42.6,21.4,54.1,21.3,183
"Cameron, Noah",702070,2025,0.245,0.41,0.313,20.5,7.7,6.3,37.4,26.6,42.2,26.8,556
"McLean, Nolan",690997,2025,0.225,0.357,0.292,30.3,8.5,8.0,43.4,28.4,60.2,16.8,188
"Smith-Shawver, AJ",700363,2025,0.295,0.503,0.378,22.0,10.5,12.6,50.8,27.1,35.9,30.5,191
"Domínguez, Seranthony",622554,2025,0.198,0.297,0.282,30.3,13.8,6.9,36.8,33.3,43.1,21.5,261
"Misiorowski, Jacob",694819,2025,0.202,0.344,0.288,32.0,11.0,7.9,37.5,29.7,34.9,28.3,272
"Keller, Mitch",656605,2025,0.259,0.43,0.326,20.0,6.8,7.8,43.8,20.6,44.3,24.4,749
"Soriano, José",667755,2025,0.242,0.367,0.312,21.0,10.8,7.2,48.2,27.0,66.0,12.1,724
"Kelly, Michael",547184,2025,0.252,0.445,0.338,17.5,11.4,10.3,35.9,22.2,42.7,31.6,166
"Koenig, Jared",657649,2025,0.199,0.324,0.263,25.4,7.5,5.1,34.7,22.9,46.6,33.0,268
"Rodón, Carlos",607074,2025,0.206,0.351,0.285,25.7,9.3,7.6,38.9,30.3,44.0,27.6,789
"Bednar, David",670280,2025,0.204,0.339,0.264,34.3,7.6,9.0,42.1,31.1,44.1,22.8,251
"Yamamoto, Yoshinobu",808967,2025,0.198,0.304,0.259,29.4,8.6,5.7,39.7,28.9,53.7,22.1,684
"Estévez, Carlos",608032,2025,0.228,0.404,0.299,20.1,8.2,10.6,38.1,19.0,25.4,30.2,269
"Graceffo, Gordon",700669,2025,0.272,0.427,0.326,20.7,6.7,7.2,53.6,23.1,45.7,20.3,193
"Chivilli, Angel",683409,2025,0.27,0.478,0.356,15.6,8.4,9.9,42.9,29.7,49.8,23.2,275
"Hicks, Jordan",663855,2025,0.266,0.381,0.33,18.5,10.2,4.7,45.6,23.1,56.7,17.2,314
"Woodruff, Brandon",605540,2025,0.171,0.299,0.233,32.3,5.4,7.1,35.9,27.9,34.0,33.3,257
"Halvorsen, Seth",678020,2025,0.238,0.417,0.323,20.9,11.6,9.5,39.7,29.4,52.6,22.4,172
"Gómez, Yoendrys",672782,2025,0.249,0.467,0.347,20.9,9.7,12.4,37.4,23.9,36.9,33.2,277
"Banda, Anthony",607455,2025,0.206,0.355,0.296,22.7,13.0,8.8,38.6,27.2,39.8,35.7,269
"Lazar, Max",676661,2025,0.309,0.505,0.371,15.3,7.1,9.8,52.3,20.3,37.9,25.0,170
"Mears, Nick",683232,2025,0.259,0.466,0.325,20.7,6.3,10.6,42.9,25.0,34.8,34.8,222
"Matsui, Yuki",673513,2025,0.228,0.397,0.313,22.4,12.1,9.0,37.3,30.3,32.2,36.7,272
"Kinley, Tyler",641755,2025,0.219,0.355,0.292,23.7,10.7,7.0,29.6,31.2,33.7,30.7,308
"Miller, Bryce",682243,2025,0.274,0.463,0.351,18.9,8.7,9.4,48.6,24.2,39.3,25.7,392
"Gilbert, Logan",669302,2025,0.206,0.367,0.275,32.3,5.8,8.6,41.7,32.9,39.8,28.4,535
"Nola, Aaron",605400,2025,0.246,0.417,0.315,24.0,6.9,9.1,43.3,25.2,42.9,26.2,404
"Milner, Hoby",571948,2025,0.235,0.405,0.303,19.8,7.2,9.0,36.8,15.5,53.8,24.1,293
"Wacha, Michael",608379,2025,0.257,0.421,0.316,17.6,6.3,7.4,34.6,21.3,37.8,27.2,716
"Knack, Landon",689017,2025,0.261,0.495,0.362,22.7,10.3,15.6,49.2,21.6,31.1,32.8,185
"Fitts, Richard",690916,2025,0.266,0.488,0.361,20.5,8.2,12.8,48.5,25.3,43.3,27.6,195
"Pérez, Martín",527048,2025,0.249,0.492,0.354,19.3,9.6,15.0,39.4,20.9,38.8,31.9,228
"Ferguson, Tyler",621053,2025,0.209,0.341,0.301,22.0,13.8,6.5,31.8,26.0,38.3,33.1,246
"Gordon, Colton",676467,2025,0.266,0.471,0.332,19.0,5.0,11.6,40.6,18.0,32.9,28.7,379
"Green, Chad",643338,2025,0.268,0.557,0.37,18.4,6.8,16.4,52.9,22.7,33.6,35.0,190
"Rogers, Taylor",573124,2025,0.231,0.406,0.315,24.0,10.4,9.9,44.4,23.2,41.5,22.5,221
"Wolfram, Grant",664991,2025,0.239,0.331,0.295,23.3,11.3,3.5,37.2,25.7,50.0,18.6,133
"Hall, DL",669084,2025,0.222,0.353,0.294,17.4,11.0,6.3,28.8,19.6,36.9,28.8,155
"Burke, Brock",656271,2025,0.249,0.393,0.303,20.2,7.0,7.1,40.8,23.4,53.3,24.5,257
"deGrom, Jacob",594798,2025,0.221,0.391,0.286,27.7,5.5,9.3,41.9,30.2,38.1,33.1,669
"Weathers, Ryan",677960,2025,0.236,0.418,0.309,22.3,7.2,9.6,42.2,28.8,44.8,33.6,166
"Ort, Kaleb",672391,2025,0.187,0.345,0.287,25.3,13.9,7.8,37.9,29.2,41.4,31.9,194
"Schlittler, Cam",693645,2025,0.23,0.384,0.314,27.6,10.2,8.2,40.2,26.1,36.4,26.6,304
"Zeferjahn, Ryan",666171,2025,0.217,0.403,0.321,28.5,13.3,10.3,37.2,30.3,37.2,35.2,256
"Glasnow, Tyler",607192,2025,0.203,0.324,0.285,29.0,11.7,8.0,37.4,28.2,44.4,28.5,366
"Brown, Ben",676962,2025,0.254,0.45,0.329,25.6,6.8,11.4,47.3,28.3,42.9,26.7,472
"Jacob, Alek",689690,2025,0.25,0.436,0.344,15.0,9.2,7.3,31.8,21.3,38.2,28.2,153
"O'Brien, Riley",676617,2025,0.234,0.306,0.298,22.6,11.1,3.2,34.4,24.6,55.2,15.2,199
"Webb, Jacob",657097,2025,0.217,0.365,0.281,21.7,7.1,5.9,34.6,27.6,33.5,35.6,267
"Eisert, Brandon",685126,2025,0.238,0.418,0.314,24.2,8.2,9.5,37.1,32.0,40.1,30.7,306
"Buttó, José",676130,2025,0.249,0.417,0.328,20.4,11.3,9.4,39.8,28.8,48.2,23.6,284
"Williams, Trevor",592866,2025,0.277,0.435,0.33,17.4,5.6,8.5,40.7,19.8,35.1,30.5,373
"Kolek, Stephen",663568,2025,0.261,0.406,0.321,16.7,6.7,6.1,48.0,17.7,51.7,22.3,461
"Cecconi, Slade",677944,2025,0.267,0.489,0.343,20.0,5.9,12.2,49.1,22.5,41.4,28.2,545
"Casparius, Ben",676508,2025,0.24,0.393,0.3,21.3,6.3,7.1,31.9,27.6,34.0,31.5,333
"Littell, Zack",641793,2025,0.255,0.458,0.323,17.1,4.2,9.9,40.9,20.4,40.7,27.8,759
"Banks, Tanner",621383,2025,0.252,0.42,0.303,22.8,4.5,7.8,36.8,21.9,38.9,26.9,267
"Rodríguez, Yariel",684320,2025,0.226,0.385,0.317,22.1,11.4,9.4,35.9,27.5,40.6,25.0,298
"Gillispie, Connor",687362,2025,0.258,0.493,0.354,18.7,8.9,12.5,50.0,21.4,38.6,27.3,123
"Vodnik, Victor",680767,2025,0.233,0.394,0.317,22.8,12.1,8.6,48.6,26.5,54.3,22.1,215
