player_id,name,throws
666200,"Luzardo, Jesús",L
676282,"Cantillo, Joey",L
676962,"Brown, Ben",R
592662,"Ray, Robbie",L
681517,"Leahy, Kyle",R
701542,"Warren, Will",R
665795,"Cabrera, Edward",R
624133,"Suarez, Ranger",L
647336,"Soroka, Michael",R
669194,"Nelson, Ryne",R
607200,"Fedde, Erick",R
672456,"Montero, Keider",R
677960,"Weathers, Ryan",L
641778,"Lauer, Eric",L
554430,"Wheeler, Zack",R
669372,"Ginn, J.T.",R
678394,"Bello, Brayan",R
543243,"Gray, Sonny",R
657746,"Ryan, Joe",R
656605,"Keller, Mitch",R
663623,"Irvin, Jake",R
687064,"Young, Brandon",R
676917,"Cavalli, Cade",R
676974,"Meyer, Max",R
663978,"Paddack, Chris",R
518876,"Kelly, Merrill",R
622491,"Castillo, Luis",R
700712,"Ureña, Walbert",R
687570,"Prielipp, Connor",L
671737,"Bradley, Taj",R
690986,"Harrison, Kyle",L
702070,"Cameron, Noah",L
663969,"Phillips, Tyler",R
684007,"Imanaga, Shota",L
656492,"Griffin, Foster",L
642547,"Peralta, Freddy",R
608379,"Wacha, Michael",R
605135,"Bassitt, Chris",R
669022,"Gore, MacKenzie",L
663903,"Singer, Brady",R
800048,"Messick, Parker",L
693855,"Seymour, Ian",L
571578,"Corbin, Patrick",L
669358,"Baz, Shane",R
663460,"Bubic, Kris",L
657277,"Webb, Logan",R
694477,"Patrick, Chad",R
656876,"Rasmussen, Drew",R
594798,"deGrom, Jacob",R
805123,"Blubaugh, AJ",R
641743,"Kay, Anthony",L
690997,"McLean, Nolan",R
669373,"Skubal, Tarik",L
677958,"Rocker, Kumar",R
668909,"Williams, Gavin",R
680573,"Woods Richardson, Simeon",R
663556,"McClanahan, Shane",L
607067,"Rea, Colin",R
683004,"Leiter, Jack",R
813349,"Early, Connelly",L
693645,"Schlittler, Cam",R
669387,"Mlodzinski, Carmen",R
693433,"Woo, Bryan",R
694819,"Misiorowski, Jacob",R
543135,"Eovaldi, Nathan",R
640455,"Manaea, Sean",L
592332,"Gausman, Kevin",R
667755,"Soriano, José",R
527048,"Pérez, Martín",L
686799,"Kochanowicz, Jack",R
656302,"Cease, Dylan",R
694973,"Skenes, Paul",R
664285,"Valdez, Framber",L
695418,"Lord, Brad",R
605280,"Holmes, Clay",R
607259,"Martinez, Nick",R
650644,"Civale, Aaron",R
607536,"Freeland, Kyle",L
592791,"Taillon, Jameson",R
668678,"Gallen, Zac",R
656550,"Holmes, Grant",R
801139,"Tolle, Payton",L
694738,"Roupp, Landen",R
677944,"Cecconi, Slade",R
650911,"Sánchez, Cristopher",L
593958,"Rodriguez, Eduardo",L
622663,"Severino, Luis",R
693821,"Elder, Bryce",R
808963,"Sasaki, Roki",R
681190,"Vásquez, Randy",R
519242,"Sale, Chris",L
607625,"Lugo, Seth",R
695505,"Burns, Chase",R
676106,"Hancock, Emerson",R
669302,"Gilbert, Logan",R
663436,"Martin, Davis",R
656849,"Peterson, David",L
693686,"Miles, Spencer",R
641927,"Ober, Bailey",R
650633,"King, Michael",R
691587,"Pérez, Eury",R
669923,"Kirby, George",R
680732,"Burke, Sean",R
686218,"Sheehan, Emmet",R
621111,"Buehler, Walker",R
663568,"Kolek, Stephen",R
669160,"May, Dustin",R
678906,"Teng, Kai-Wei",R
671096,"Abbott, Andrew",L
676440,"Bibee, Tanner",R
669467,"Pallante, Andre",R
605488,"Springs, Jeffrey",L
608372,"Sugano, Tomoyuki",R
547179,"Lorenzen, Michael",R
571945,"Mikolas, Miles",R
808967,"Yamamoto, Yoshinobu",R
702056,"Yesavage, Trey",R
608331,"Fried, Max",L
687075,"Sproat, Brandon",R
675660,"Drohan, Shane",L
663554,"Mize, Casey",R
682052,"Lopez, Jacob",L
645261,"Alcantara, Sandy",R
641816,"Mahle, Tyler",R
605400,"Nola, Aaron",R
686790,"McDonald, Trevor",R
669432,"Rogers, Trevor",L
656427,"Flaherty, Jack",R
695076,"Lowder, Rhett",R
696149,"Chandler, Bubba",R
676083,"Junk, Janson",R
691725,"Painter, Andrew",R
677952,"Ashcraft, Braxton",R
672282,"Detmers, Reid",L
641793,"Littell, Zack",R
663567,"Lambert, Peter",R
681293,"Arrighetti, Spencer",R
680736,"Wrobleski, Justin",L
605288,"Houser, Adrian",R
643377,"Jax, Griffin",R
571927,"Matz, Steven",L
660271,"Ohtani, Shohei",R
680694,"Bradish, Kyle",R
700241,"McGreevy, Michael",R
669461,"Liberatore, Matthew",L
681347,"Burrows, Mike",R
669371,"Henry, Cole",R
663855,"Hicks, Jordan",R
676477,"Whitlock, Garrett",R
681911,"Vesia, Alex",L
687941,"Gamboa, Alec",L
624428,"Frazier, Adam",R
666661,"Morillo, Juan",R
679358,"Orze, Eric",R
694335,"Svanson, Matt",R
660853,"De Los Santos, Enyel",R
621074,"Rucker, Michael",R
663542,"Hudson, Bryan",L
685112,"McCambley, Zach",R
453286,"Scherzer, Max",R
642152,"Trivino, Lou",R
683232,"Mears, Nick",R
701121,"VanWey, Logan",R
689690,"Jacob, Alek",R
669020,"Rolison, Ryan",L
665660,"Alvarado, Elvis",R
681982,"Anderson, Grant",R
688642,"Agnos, Zach",R
681799,"Roberts, Ethan",R
682842,"Uribe, Abner",R
628452,"Iglesias, Raisel",R
663559,"Falter, Bailey",L
682668,"Acuña, Luisangel",R
692030,"Corniell, Jose",R
691769,"Abner, Philip",L
595978,"Hedges, Austin",R
676263,"Dreyer, Jack",L
656638,"Lange, Alex",R
682227,"Williamson, Brandon",L
669084,"Hall, DL",L
702153,"Fitzpatrick, Brian",L
664731,"Higgins, P.J.",R
681168,"Curvelo, Luis",R
805673,"Matthews, Zebby",R
680474,"Schuemann, Max",R
668873,"Kilian, Caleb",R
680570,"Rodriguez, Grayson",R
663158,"Suarez, Robert",R
676467,"Gordon, Colton",L
700669,"Graceffo, Gordon",R
681806,"Wantz, Andrew",R
680916,"Aleman, Franco",R
665645,"Castro, Kervin",R
696070,"Rojas, Kendry",L
666974,"Cano, Yennier",R
623211,"Brazobán, Huascar",R
685299,"Gordon, Tanner",R
621139,"Kriske, Brooks",R
622088,"Antone, Tejay",R
663767,"Shugart, Chase",R
672782,"Gómez, Yoendrys",R
656212,"Barnes, Charlie",L
623454,"Anderson, Drew",R
572143,"Smith, Burch",R
691951,"Aldegheri, Sam",L
650556,"Abreu, Bryan",R
656986,"Sousa, Bennett",L
686678,"Solesky, Chase",R
682610,"Muñoz, Roddery",R
669093,"Estrada, Jeremiah",R
608566,"Márquez, Germán",R
656271,"Burke, Brock",L
674841,"Alvarez, Andrew",L
676510,"Hoffman, Nolan",R
680702,"Gerber, Joey",R
686560,"Collyer, Gavin",R
592155,"Booser, Cam",L
666711,"Peguero, Joel",R
702752,"Pintaro, Jonathan",R
592773,"Stanek, Ryne",R
687765,"Spence, Mitch",R
667463,"King, John",L
605441,"Ríos, Yacksel",R
695534,"Petty, Chase",R
675911,"Strider, Spencer",R
606115,"Arcia, Orlando",R
665622,"Medina, Luis",R
605447,"Romano, Jordan",R
689149,"Dallas, Chad",R
696519,"Natera Jr., Samy",L
656457,"Gilbert, Tyler",L
686894,"Wiemer, Joey",R
699134,"Rodriguez, Bradgley",R
686228,"Burgos, Juan",R
689818,"Sandlin, David",R
641835,"Mayza, Tim",L
684974,"Yoho, Craig",R
680730,"Parker, Mitchell",L
670912,"Oviedo, Johan",R
680802,"Weiss, Ryan",R
686753,"Jameson, Drey",R
662253,"Muñoz, Andrés",R
694795,"Ekness, Josh",R
691548,"Muñoz, Rolddy",R
656730,"Megill, Trevor",R
689546,"Davila, Nick",R
621345,"Minter, A.J.",L
608723,"Voth, Austin",R
642528,"Loáisiga, Jonathan",R
695611,"Jump, Gage",L
669704,"Strowd, Kade",R
595014,"Treinen, Blake",R
678022,"Perkins, Jack",R
669684,"Murphy, Chris",L
680704,"Sandlin, Nick",R
660825,"Bazardo, Eduard",R
681870,"Sabrowski, Erik",L
685126,"Eisert, Brandon",L
661563,"Gil, Luis",R
695243,"Miller, Mason",R
656529,"Hentges, Sam",L
670183,"Acton, Garrett",R
680755,"Fisher, Braydon",R
676571,"Poulin, PJ",L
675919,"Raquet, Nick",L
690990,"Horton, Cade",R
687911,"King, Bryan",L
694646,"McDermott, Chayce",R
650960,"Duarte, Daniel",R
672582,"Zerpa, Angel",L
810938,"Williamson, Ben",R
640454,"Krook, Matt",L
694918,"Tidwell, Blade",R
624522,"Thompson, Keegan",R
669212,"Morgan, Eli",R
680742,"Bowlan, Jonathan",R
676428,"Hurter, Brant",L
647315,"Pop, Zach",R
680744,"Madden, Ty",R
805326,"Schweitzer, Tyler",L
641941,"Pagán, Emilio",R
702303,"Martin, Riley",L
692230,"Rodriguez, Carlos",R
592779,"Stewart, Brock",R
676979,"Crochet, Garrett",L
682995,"Barco, Hunter",L
694297,"Pfaadt, Brandon",R
642759,"Fernández, Julian",R
592094,"Adam, Jason",R
690928,"Dobbins, Hunter",R
663765,"Woodford, Jake",R
641312,"Anderson, Shaun",R
688107,"Gasser, Robert",L
666374,"Brash, Matt",R
608650,"Enns, Dietrich",L
543037,"Cole, Gerrit",R
800311,"Fuentes, Didier",R
663738,"Lynch IV, Daniel",L
837227,"Imai, Tatsuya",R
621237,"Alvarado, José",L
642701,"Santana, Dennis",R
608371,"Sims, Lucas",R
676661,"Lazar, Max",R
596001,"Junis, Jakob",R
669169,"Heasley, Jonathan",R
668970,"Hollowell, Gavin",R
686475,"Tolbert, Tyler",R
663574,"Santillan, Tony",R
670090,"Mills, Wyatt",R
656546,"Hoffman, Jeff",R
669711,"Weissert, Greg",R
615698,"Quantrill, Cal",R
670970,"Morejon, Adrian",L
670245,"Watson, Ryan",R
699151,"Paez, Jedixson",R
670280,"Bednar, David",R
676684,"Vest, Will",R
642207,"Williams, Devin",R
606965,"Devenski, Chris",R
623474,"Herget, Jimmy",R
642232,"Yarbrough, Ryan",L
820862,"Fermin, José",R
687721,"Weston, Cameron",R
594580,"Moll, Sam",L
676617,"O'Brien, Riley",R
656288,"Canning, Griffin",R
668674,"Erceg, Lucas",R
607455,"Banda, Anthony",L
664076,"Cleavinger, Garrett",L
806188,"Gibson, Cade",L
681035,"Scott, Christian",R
669270,"Kuhnel, Joel",R
701719,"Samaniego, Tyler",L
434378,"Verlander, Justin",R
670990,"Ramírez, Yohan",R
669620,"Basso, Brady",L
544150,"Suárez, Albert",R
683618,"Henriquez, Edgardo",R
689225,"Brieske, Beau",R
669276,"Lee, Dylan",L
571510,"Boyd, Matthew",L
676879,"Ashby, Aaron",L
542888,"Armstrong, Shawn",R
621053,"Ferguson, Tyler",R
681895,"Sisk, Evan",L
666157,"Lodolo, Nick",L
693313,"Seymour, Carson",R
665665,"Sanmartin, Reiver",L
681217,"Silseth, Chase",R
676395,"Garcia, Robert",L
670167,"Schreiber, John",R
687606,"Schultz, Paxton",R
702193,"Morris, Andrew",R
689296,"Nunez, Anthony",R
621242,"Díaz, Edwin",R
684049,"Bidois, Brandan",R
666619,"Santos, Gregory",R
681402,"Varland, Gus",R
687209,"Maxwell, Zach",R
670036,"Festa, Matt",R
686993,"Sterner, Justin",R
677955,"Hill, Jaden",R
695001,"Santa, Alimber",R
664141,"Brubaker, JT",R
669456,"Bieber, Shane",R
687931,"Whisenhunt, Carson",L
683352,"Bratt, Mitch",L
669438,"Englert, Mason",R
669298,"Shook, TJ",R
663423,"Thornton, Trent",R
573204,"Thielbar, Caleb",L
672021,"Cerantola, Eric",R
680767,"Vodnik, Victor",R
688297,"Roycroft, Chris",R
676254,"Walker, Ryan",R
804267,"Thornton, Zach",L
664353,"Urquidy, José",R
595345,"Okert, Steven",L
663372,"Feltner, Ryan",R
640448,"Finnegan, Kyle",R
676130,"Buttó, José",R
684320,"Rodríguez, Yariel",R
656848,"Petersen, Michael",R
642048,"Saucedo, Tayler",L
682608,"Gray, Peyton",R
673540,"Senga, Kodai",R
689254,"Fluharty, Mason",L
689441,"Crow, Coleman",R
678606,"Ferrer, José A.",L
642100,"Speier, Gabe",L
552640,"Kittredge, Andrew",R
656686,"Martin, Corbin",R
668390,"Winn, Cole",R
668834,"McGee, Easton",R
694037,"Palencia, Daniel",R
641401,"Brogdon, Connor",R
681343,"Smith, Shane",R
671382,"Foster, Cameron",R
683003,"Jones, Jared",R
681916,"Smith, Dylan",R
682997,"Callihan, Tyler",R
676702,"Stratton, Hunter",R
641585,"France, J.P.",R
683769,"Gaddis, Hunter",R
671109,"Eder, Jake",L
571948,"Milner, Hoby",L
696270,"Johnson, Ryan",R
682254,"Montgomery, Mason",L
674444,"Cruz, Steven",R
683155,"Estes, Joey",R
680604,"Castaño, Blas",R
669947,"Scholtens, Jesse",R
681676,"Fernandez, Ryan",R
663878,"Pearson, Nate",R
660604,"Rangel, Alan",R
657571,"Ferguson, Caleb",L
682769,"Castellano, Eiberson",R
702021,"Dion, Will",L
621383,"Banks, Tanner",L
696062,"Dotel, Wilber",R
605452,"Ross, Joe",R
621107,"Eflin, Zach",R
666808,"Doval, Camilo",R
622608,"Senzatela, Antonio",R
621097,"Waguespack, Jacob",R
656641,"Latz, Jacob",L
681006,"Simpson, Josh",L
693312,"Nicolas, Kyle",R
519141,"Pomeranz, Drew",L
681252,"Anderson, Jack",R
669330,"Wells, Tyler",R
686613,"Brown, Hunter",R
664074,"Ponce, Cody",R
701552,"Granillo, Andre",R
605540,"Woodruff, Brandon",R
702474,"Paredes, Mike",R
660761,"Suarez, José",L
663687,"Harris, Hogan",L
804636,"Tong, Jonah",R
664854,"Helsley, Ryan",R
667297,"Nance, Tommy",R
677161,"Kelly, Zack",R
677020,"Walker, Josh",L
679775,"Backhus, Kyle",L
805427,"Sommers, Drew",L
608718,"Suter, Brent",L
672442,"Cruz, Yovanny",R
657514,"Bernardino, Brennan",L
685005,"Roa, Christian",R
675916,"Karinchak, James",R
690953,"Abel, Mick",R
665871,"Assad, Javier",R
691008,"Rajcic, Max",R
664129,"Hartlieb, Geoff",R
666129,"Garrett, Braxton",L
642397,"Soto, Gregory",L
682989,"Mederos, Victor",R
657612,"Hill, Tim",L
689147,"Kerkering, Orion",R
678368,"Bellozo, Valente",R
682825,"Mey, Luis",R
664192,"Lucchesi, Joey",L
666142,"Ragans, Cole",L
694851,"Hoffmann, Andrew",R
671106,"Allen, Logan",L
663947,"Holton, Tyler",L
807743,"Sullivan, Sean",L
675512,"Melton, Troy",R
681751,"Estrada, Lazaro",R
547184,"Kelly, Michael",R
472610,"García, Luis",R
682982,"Espino, Daniel",R
688497,"Rashi, Taylor",R
664875,"Lawrence, Justin",R
687377,"Ribalta, Orlando",R
657649,"Koenig, Jared",L
657097,"Webb, Jacob",R
696136,"Wicks, Jordan",L
676508,"Casparius, Ben",R
681867,"Criswell, Cooper",R
676051,"Heuer, Codi",R
685801,"Bigge, Hunter",R
592826,"Velasquez, Vince",R
677961,"Wilcox, Cole",R
573009,"Mantiply, Joe",L
607192,"Glasnow, Tyler",R
694363,"Shuster, Jared",L
664954,"Sullivan, Brett",R
671212,"Boyle, Joe",R
606303,"Payamps, Joel",R
641329,"Baker, Bryan",R
669211,"Akin, Keegan",L
668941,"Romero, JoJo",L
605130,"Barlow, Scott",R
815083,"Farris, Mitch",L
679883,"Avila, Luinder",R
671922,"Smith, Cade",R
670062,"Garcia, Julian",R
623437,"Topa, Justin",R
694361,"Klein, Will",R
641755,"Kinley, Tyler",R
699008,"Kelly, Antwone",R
695380,"Hoppe, Alex",R
660787,"De los Santos, Yerry",R
683000,"Cornelio, Riley",R
696131,"Black, Mason",R
625643,"López, Reynaldo",R
680951,"Nikhazy, Doug",L
687531,"Kempner, William",R
690925,"Beeter, Clayton",R
623352,"Hader, Josh",L
642546,"Hernández, Jonathan",R
673513,"Matsui, Yuki",L
471911,"Carrasco, Carlos",R
680689,"Richardson, Lyon",R
674370,"Bido, Osvaldo",R
683175,"Phillips, Connor",R
682120,"Herrin, Tim",L
681084,"Andrews, Tanner",R
688883,"Pallette, Peyton",R
669199,"Bachar, Lake",R
455119,"Martin, Chris",R
676755,"Mattson, Isaac",R
801403,"Dollander, Chase",R
702281,"Snelling, Robby",L
594027,"Guerrero, Tyron",R
696147,"Bachman, Sam",R
668933,"Ashcraft, Graham",R
694462,"Waldrep, Hurston",R
700249,"Povich, Cade",L
671936,"Macko, Adam",L
669920,"Alexander, Jason",R
605218,"Edwards Jr., Carl",R
695684,"Rodríguez, Elmer",R
694680,"Martin, Trevor",R
605483,"Snell, Blake",L
805299,"Garcia, Brandyn",L
676534,"Faucher, Calvin",R
702273,"Schultz, Noah",L
675989,"Bolton, Cody",R
689266,"Dodd, Dylan",L
681151,"Murray, Jayden",R
663941,"Beck, Tristan",R
690978,"Fulton, Dax",L
666201,"Manoah, Alek",R
657756,"Seabold, Connor",R
676664,"Sears, JP",L
592454,"Kahnle, Tommy",R
592836,"Walker, Taijuan",R
681432,"Little, Luke",L
547973,"Chapman, Aroldis",L
683409,"Chivilli, Angel",R
681810,"Warren, Austin",R
690155,"Pushard, Matt",R
601713,"Pivetta, Nick",R
548384,"Raley, Brooks",L
445276,"Jansen, Kenley",R
663485,"Sands, Cole",R
656945,"Scott, Tanner",L
687223,"Palmquist, Carson",L
691799,"Taylor, Grant",R
664744,"Espada, Jose",R
572955,"Johnson, Pierce",R
663558,"Morán, Jovani",L
663362,"Waldron, Matt",R
680728,"Del Castillo, Adrian",R
686930,"Barnett, Mason",R
607481,"Bummer, Aaron",L
622554,"Domínguez, Seranthony",R
593974,"Peralta, Wandy",L
623149,"Sewald, Paul",R
676596,"Fleming, Josh",L
643511,"Rogers, Tyler",R
680723,"Rom, Drew",L
802408,"Mautz, Brycen",L
696522,"Juenger, Hayden",R
701519,"Adams, Travis",R
518585,"Cruz, Fernando",R
605154,"Brebbia, John",R
666171,"Zeferjahn, Ryan",R
596133,"Weaver, Luke",R
804619,"Klein, John",R
691945,"Baumler, Carter",R
682445,"Gonzalez, Domingo",R
676760,"Marinaccio, Ron",R
605335,"Leibrandt, Brandon",L
701474,"Davitt, Duncan",R
695049,"Kerry, Brett",R
664126,"Fairbanks, Pete",R
687473,"Gusto, Ryan",R
606996,"Hart, Kyle",L
518886,"Kimbrel, Craig",R
669724,"Hanifee, Brenan",R
621112,"Blackburn, Paul",R
689520,"Laweryson, Cody",R
608337,"Giolito, Lucas",R
621381,"Strahm, Matt",L
683742,"Franco, Jose",R
678020,"Halvorsen, Seth",R
682243,"Miller, Bryce",R
665152,"Kremer, Dean",R
694341,"Beck, Brendan",R
668964,"Myers, Tobias",R
700413,"Uberstine, Tyler",R
694360,"Way, Beck",R
643410,"Leiter Jr., Mark",R
699823,"Davis, Tyler",R
664208,"Maton, Phil",R
671111,"Peralta, Sammy",L
676742,"Sanders, Cam",R
669060,"Wilson, Bryse",R
695445,"Lee, Chase",R
670950,"Richards, Trevor",R
669622,"Bender, Anthony",R
695034,"Morris, Kade",R
801434,"Gervase, Paul",R
640451,"Harvey, Hunter",R
686580,"Slaten, Justin",R
656222,"Beeks, Jalen",L
676568,"Vanasco, Ricky",R
676105,"Criswell, Jeff",R
806960,"Morales, Luis",R
675848,"Mejia, Juan",R
682274,"Hiraldo, Yaramil",R
687562,"Bennett, Jake",L
661395,"Duran, Jhoan",R
697812,"Rock, Joe",L
700327,"Herrera, Welinton",L
646241,"De Jesus, Enmanuel",L
672335,"Pérez, Cionel",L
666277,"Soriano, George",R
677053,"Nardi, Andrew",L
683627,"Molina, Anthony",R
500779,"Quintana, Jose",L
663893,"Little, Brendon",L
700842,"Rivera, Eduardo",L
701656,"Henderson, Logan",R
579328,"Kikuchi, Yusei",L
671131,"Rutledge, Jackson",R
607074,"Rodón, Carlos",L
676604,"Zuber, Tyler",R
673929,"Leasure, Jordan",R
489446,"Yates, Kirby",R
669165,"Hurt, Kyle",R
621389,"Blach, Ty",L
664991,"Wolfram, Grant",L
678576,"Ramos, Wilkin",R
543056,"Coulombe, Danny",L
691946,"Klassen, George",R
641656,"Hamilton, Ian",R
663465,"Allard, Kolby",L
688158,"Morgan, David",R
641745,"Keller, Brad",R
670059,"Holderman, Colin",R
656794,"Newcomb, Sean",L
621366,"Borucki, Ryan",L
703615,"Cabrera, Jose",R
657044,"Thompson, Ryan",R
641302,"Alexander, Tyler",L
663992,"Lovelady, Richard",L
677865,"Bruihl, Justin",L
686973,"Varland, Louis",R
694346,"Gibson, Trey",R
656234,"Bird, Jake",R
657424,"Gage, Matt",L
573124,"Rogers, Taylor",L
687330,"Kelly, Kevin",R
664199,"Clarke, Taylor",R
687396,"Headrick, Brent",L
681892,"Funderburk, Kody",L
676775,"Winn, Keaton",R
686751,"Johnson, Seth",R
702275,"Ritchie, JR",R
695239,"Ahlstrom, Robby",L
670329,"Garcia, Rico",R
669062,"Miller, Erik",L
668984,"Legumina, Casey",R
642121,"Sulser, Cole",R
656464,"Ginkel, Kevin",R
621121,"McCullers Jr., Lance",R
624431,"Trevino, Jose",R
664299,"Javier, Cristian",R
687849,"Kent, Zak",R
686610,"Waldichuk, Ken",L
694397,"Raya, Marco",R
675627,"Grove, Michael",R
660710,"Durán, Rodolfo",R
699044,"Ullola, Miguel",R
677976,"Dobnak, Randy",R
668831,"Stallings, Garrett",R
621016,"Cuas, Jose",R
692437,"Santos, Winston",R
694350,"Brzykcy, Zach",R
687312,"Hughes, Gabriel",R
687239,"Peoples, Ben",R
668881,"Greene, Hunter",R
664702,"Straw, Myles",R
664849,"Young, Danny",L
675540,"Curry, Xzavion",R
666745,"Brito, Jhony",R
703725,"Gastelum, Luis",R
702352,"Bivens, Spencer",R
689017,"Knack, Landon",R
663776,"Sandoval, Patrick",L
670871,"Zuñiga, Guillo",R
671162,"Thomas, Connor",L
676910,"Seelinger, Matt",R
676680,"Cosgrove, Tom",L
678868,"Yean, Eddy",R
702566,"Murphy, Owen",R
623465,"Phillips, Evan",R
808970,"Go, Woo-Suk",R
669145,"Zimmermann, Bruce",L
